cotizacion_id,empresa,sector,tipo,fecha_cotizacion,fecha_entrega,valor_cotizado,unidades,estado,motivo_perdida,probabilidad,ingreso_neto,costo_mercancia,empaque_personalizado,dias_pago
Q-00001,Empresa C-0085,Educación,Cata privada,2021-12-21,2022-01-03,12574000.0,83,Ganada,,,11975000.0,9159000.0,452000.0,30
Q-00002,Empresa C-0003,Automotriz,Regalos de fin de año,2021-12-24,2022-01-10,4180000.0,27,Perdida,Cobertura fuera de Bogotá,,0.0,0.0,0.0,60
Q-00003,Empresa C-0007,Automotriz,Obsequios a clientes,2022-01-04,2022-01-22,705000.0,5,Ganada,,,671000.0,497000.0,25000.0,45
Q-00004,Empresa C-0153,Energía y minería,Cata privada,2022-01-05,2022-02-03,16921000.0,120,Perdida,Cobertura fuera de Bogotá,,0.0,0.0,0.0,45
Q-00005,Empresa C-0016,Financiero,Regalos de fin de año,2022-01-08,2022-02-04,7217000.0,35,Perdida,Sin respuesta del cliente,,0.0,0.0,0.0,90
Q-00006,Empresa C-0009,Inmobiliario y construcción,Evento corporativo,2022-01-11,2022-02-14,2668000.0,19,Ganada,,,2541000.0,1930000.0,68000.0,30
Q-00007,Empresa C-0620,Consumo masivo,Regalos de fin de año,2022-01-15,2022-02-03,2078000.0,16,Ganada,,,1979000.0,1489000.0,70000.0,30
Q-00008,Empresa C-0001,Tecnología,Regalos de fin de año,2022-01-15,2022-02-11,2606000.0,16,Ganada,,,2482000.0,1948000.0,88000.0,45
Q-00009,Empresa C-0084,Automotriz,Regalos de fin de año,2022-01-22,2022-02-06,22672000.0,143,Perdida,Sin respuesta del cliente,,0.0,0.0,0.0,45
Q-00010,Empresa C-0004,Financiero,Boda o celebración privada,2022-01-22,2022-03-01,7620000.0,59,Ganada,,,7257000.0,5531000.0,303000.0,45
Q-00011,Empresa C-0093,Energía y minería,Regalos de fin de año,2022-01-25,2022-02-16,1357000.0,7,Perdida,Cobertura fuera de Bogotá,,0.0,0.0,0.0,30
Q-00012,Empresa C-0477,Automotriz,Obsequios a clientes,2022-01-28,2022-02-20,1912000.0,9,Perdida,Sin respuesta del cliente,,0.0,0.0,0.0,45
Q-00013,Empresa C-0096,Energía y minería,Regalos de fin de año,2022-01-30,2022-03-13,1079000.0,7,Perdida,Precio,,0.0,0.0,0.0,45
Q-00014,Empresa C-0577,Inmobiliario y construcción,Boda o celebración privada,2022-01-30,2022-03-14,5201000.0,29,Perdida,Sin respuesta del cliente,,0.0,0.0,0.0,60
Q-00015,Empresa C-0015,Inmobiliario y construcción,Regalos de fin de año,2022-02-07,2022-03-12,2527000.0,17,Perdida,Cobertura fuera de Bogotá,,0.0,0.0,0.0,60
Q-00016,Empresa C-0017,Consultoría y legal,Obsequios a clientes,2022-02-20,2022-03-24,1682000.0,8,Perdida,Tiempo de entrega,,0.0,0.0,0.0,60
Q-00017,Empresa C-0330,Tecnología,Evento corporativo,2022-02-24,2022-03-19,600000.0,4,Ganada,,,571000.0,445000.0,26000.0,30
Q-00018,Empresa C-0640,Gremios y asociaciones,Regalos de fin de año,2022-03-01,2022-04-10,4894000.0,35,Perdida,Precio,,0.0,0.0,0.0,60
Q-00019,Empresa C-0613,Consultoría y legal,Regalos de fin de año,2022-03-07,2022-04-17,11258000.0,80,Perdida,Se fue con el proveedor de siempre,,0.0,0.0,0.0,30
Q-00020,Empresa C-0003,Gremios y asociaciones,Regalos de fin de año,2022-03-27,2022-05-10,7248000.0,45,Perdida,Precio,,0.0,0.0,0.0,45
Q-00021,Empresa C-0578,Consumo masivo,Boda o celebración privada,2022-03-27,2022-04-09,12366000.0,101,Ganada,,,11777000.0,9454000.0,503000.0,30
Q-00022,Empresa C-0204,Consultoría y legal,Regalos de fin de año,2022-03-31,2022-05-09,1563000.0,10,Ganada,,,1489000.0,1124000.0,53000.0,45
Q-00023,Empresa C-0107,Salud,Regalos de fin de año,2022-04-02,2022-04-25,2475000.0,14,Perdida,Sin respuesta del cliente,,0.0,0.0,0.0,30
Q-00024,Empresa C-0018,Energía y minería,Evento corporativo,2022-04-06,2022-04-18,2286000.0,17,Perdida,Tiempo de entrega,,0.0,0.0,0.0,60
Q-00025,Empresa C-0017,Inmobiliario y construcción,Evento corporativo,2022-04-06,2022-05-14,5728000.0,28,Perdida,Precio,,0.0,0.0,0.0,60
Q-00026,Empresa C-0369,Automotriz,Regalos de fin de año,2022-04-12,2022-05-13,4742000.0,24,Ganada,,,4516000.0,3478000.0,224000.0,45
Q-00027,Empresa C-0011,Inmobiliario y construcción,Boda o celebración privada,2022-04-13,2022-05-23,3906000.0,24,Ganada,,,3720000.0,2858000.0,151000.0,30
Q-00028,Empresa C-0041,Energía y minería,Regalos de fin de año,2022-04-14,2022-05-15,6449000.0,31,Perdida,Cobertura fuera de Bogotá,,0.0,0.0,0.0,30
Q-00029,Empresa C-0166,Salud,Boda o celebración privada,2022-04-14,2022-05-03,905000.0,7,Perdida,Sin respuesta del cliente,,0.0,0.0,0.0,30
Q-00030,Empresa C-0454,Educación,Regalos de fin de año,2022-04-16,2022-05-10,8610000.0,45,Perdida,Se fue con el proveedor de siempre,,0.0,0.0,0.0,90
Q-00031,Empresa C-0531,Salud,Regalos de fin de año,2022-04-18,2022-05-12,2612000.0,12,Ganada,,,2488000.0,1944000.0,75000.0,90
Q-00032,Empresa C-0138,Inmobiliario y construcción,Regalos de fin de año,2022-04-21,2022-05-16,650000.0,5,Perdida,Precio,,0.0,0.0,0.0,45
Q-00033,Empresa C-0136,Inmobiliario y construcción,Regalos de fin de año,2022-04-24,2022-06-02,3713000.0,20,Perdida,Tiempo de entrega,,0.0,0.0,0.0,45
Q-00034,Empresa C-0006,Educación,Regalos de fin de año,2022-04-26,2022-05-19,6028000.0,29,Perdida,Se fue con el proveedor de siempre,,0.0,0.0,0.0,90
Q-00035,Empresa C-0355,Tecnología,Regalos de fin de año,2022-04-26,2022-06-05,3211000.0,20,Perdida,Precio,,0.0,0.0,0.0,45
Q-00036,Empresa C-0001,Financiero,Evento corporativo,2022-04-29,2022-06-11,3176000.0,19,Perdida,Se fue con el proveedor de siempre,,0.0,0.0,0.0,45
Q-00037,Empresa C-0389,Salud,Regalos de fin de año,2022-04-30,2022-05-14,1682000.0,8,Perdida,Precio,,0.0,0.0,0.0,90
Q-00038,Empresa C-0006,Automotriz,Evento corporativo,2022-05-13,2022-05-26,8084000.0,51,Perdida,Se fue con el proveedor de siempre,,0.0,0.0,0.0,30
Q-00039,Empresa C-0005,Financiero,Cata privada,2022-05-13,2022-06-17,7624000.0,44,Perdida,Precio,,0.0,0.0,0.0,60
Q-00040,Empresa C-0001,Inmobiliario y construcción,Obsequios a clientes,2022-05-23,2022-06-18,12050000.0,77,Ganada,,,11476000.0,9238000.0,509000.0,30
Q-00041,Empresa C-0127,Educación,Regalos de fin de año,2022-05-28,2022-06-22,14055000.0,81,Ganada,,,13386000.0,9945000.0,545000.0,30
Q-00042,Empresa C-0016,Tecnología,Regalos de fin de año,2022-05-28,2022-07-06,3026000.0,15,Perdida,Precio,,0.0,0.0,0.0,30
Q-00043,Empresa C-0671,Inmobiliario y construcción,Obsequios a clientes,2022-06-04,2022-06-17,2827000.0,15,Perdida,Tiempo de entrega,,0.0,0.0,0.0,30
Q-00044,Empresa C-0085,Automotriz,Cata privada,2022-06-08,2022-06-23,600000.0,4,Perdida,Tiempo de entrega,,0.0,0.0,0.0,45
Q-00045,Empresa C-0080,Financiero,Regalos de fin de año,2022-06-17,2022-11-06,1845000.0,12,Ganada,,,1757000.0,1301000.0,47000.0,45
Q-00046,Empresa C-0595,Tecnología,Boda o celebración privada,2022-06-18,2022-07-02,2017000.0,15,Perdida,Tiempo de entrega,,0.0,0.0,0.0,45
Q-00047,Empresa C-0176,Tecnología,Boda o celebración privada,2022-06-20,2022-07-18,1294000.0,7,Ganada,,,1232000.0,965000.0,47000.0,30
Q-00048,Empresa C-0001,Financiero,Cata privada,2022-06-24,2022-07-23,5537000.0,31,Perdida,Precio,,0.0,0.0,0.0,45
Q-00049,Empresa C-0318,Inmobiliario y construcción,Obsequios a clientes,2022-06-25,2022-07-13,3151000.0,16,Perdida,Cobertura fuera de Bogotá,,0.0,0.0,0.0,45
Q-00050,Empresa C-0199,Financiero,Regalos de fin de año,2022-06-25,2022-07-21,3216000.0,18,Perdida,Tiempo de entrega,,0.0,0.0,0.0,45
Q-00051,Empresa C-0487,Financiero,Regalos de fin de año,2022-06-28,2022-07-09,10422000.0,52,Ganada,,,9926000.0,7711000.0,422000.0,45
Q-00052,Empresa C-0004,Financiero,Regalos de fin de año,2022-06-30,2022-11-06,1331000.0,7,Perdida,Precio,,0.0,0.0,0.0,60
Q-00053,Empresa C-0002,Tecnología,Regalos de fin de año,2022-07-12,2022-11-11,4255000.0,24,Perdida,Se fue con el proveedor de siempre,,0.0,0.0,0.0,90
Q-00054,Empresa C-0011,Gremios y asociaciones,Regalos de fin de año,2022-07-17,2022-11-06,2396000.0,16,Ganada,,,2282000.0,1758000.0,96000.0,60
Q-00055,Empresa C-0014,Consultoría y legal,Regalos de fin de año,2022-07-21,2022-08-17,3795000.0,19,Ganada,,,3614000.0,2883000.0,149000.0,60
Q-00056,Empresa C-0039,Tecnología,Regalos de fin de año,2022-07-21,2022-12-03,3173000.0,19,Ganada,,,3022000.0,2331000.0,102000.0,60
Q-00057,Empresa C-0007,Educación,Regalos de fin de año,2022-07-24,2022-08-06,6037000.0,44,Ganada,,,5750000.0,4267000.0,145000.0,60
Q-00058,Empresa C-0049,Consumo masivo,Regalos de fin de año,2022-07-27,2022-11-08,4624000.0,33,Perdida,Precio,,0.0,0.0,0.0,45
Q-00059,Empresa C-0002,Financiero,Obsequios a clientes,2022-07-30,2022-11-08,4965000.0,41,Ganada,,,4729000.0,3787000.0,206000.0,45
Q-00060,Empresa C-0054,Financiero,Regalos de fin de año,2022-07-30,2022-11-02,6385000.0,46,Perdida,Precio,,0.0,0.0,0.0,60
Q-00061,Empresa C-0356,Consultoría y legal,Regalos de fin de año,2022-08-03,2022-12-17,4527000.0,23,Ganada,,,4311000.0,3456000.0,119000.0,45
Q-00062,Empresa C-0638,Tecnología,Regalos de fin de año,2022-08-04,2022-12-08,24006000.0,182,Perdida,Tiempo de entrega,,0.0,0.0,0.0,30
Q-00063,Empresa C-0006,Energía y minería,Evento corporativo,2022-08-09,2022-11-06,967000.0,8,Perdida,Sin respuesta del cliente,,0.0,0.0,0.0,60
Q-00064,Empresa C-0069,Gremios y asociaciones,Evento corporativo,2022-08-10,2022-09-06,2297000.0,19,Ganada,,,2188000.0,1720000.0,96000.0,45
Q-00065,Empresa C-0002,Tecnología,Regalos de fin de año,2022-08-12,2022-11-03,9110000.0,52,Ganada,,,8676000.0,6581000.0,233000.0,45
Q-00066,Empresa C-0003,Tecnología,Regalos de fin de año,2022-08-13,2022-12-19,5908000.0,35,Perdida,Tiempo de entrega,,0.0,0.0,0.0,30
Q-00067,Empresa C-0010,Tecnología,Obsequios a clientes,2022-08-14,2022-11-17,3846000.0,25,Perdida,Se fue con el proveedor de siempre,,0.0,0.0,0.0,45
Q-00068,Empresa C-0180,Financiero,Regalos de fin de año,2022-08-16,2022-11-17,600000.0,4,Perdida,Precio,,0.0,0.0,0.0,30
Q-00069,Empresa C-0294,Inmobiliario y construcción,Regalos de fin de año,2022-08-17,2022-11-07,1977000.0,14,Ganada,,,1883000.0,1481000.0,84000.0,60
Q-00070,Empresa C-0526,Tecnología,Evento corporativo,2022-08-17,2022-09-04,11202000.0,78,Perdida,Tiempo de entrega,,0.0,0.0,0.0,45
Q-00071,Empresa C-0018,Consumo masivo,Regalos de fin de año,2022-08-17,2022-12-19,3994000.0,28,Perdida,Precio,,0.0,0.0,0.0,45
Q-00072,Empresa C-0218,Salud,Regalos de fin de año,2022-08-18,2022-12-11,5300000.0,27,Ganada,,,5048000.0,3915000.0,161000.0,45
Q-00073,Empresa C-0062,Salud,Regalos de fin de año,2022-08-19,2022-11-01,9202000.0,51,Perdida,Se fue con el proveedor de siempre,,0.0,0.0,0.0,45
Q-00074,Empresa C-0014,Salud,Regalos de fin de año,2022-08-19,2022-11-05,6798000.0,33,Ganada,,,6474000.0,4954000.0,267000.0,30
Q-00075,Empresa C-0543,Automotriz,Evento corporativo,2022-08-24,2022-09-10,1976000.0,15,Perdida,Se fue con el proveedor de siempre,,0.0,0.0,0.0,30
Q-00076,Empresa C-0102,Energía y minería,Regalos de fin de año,2022-08-25,2022-11-15,2164000.0,14,Ganada,,,2061000.0,1567000.0,62000.0,45
Q-00077,Empresa C-0382,Salud,Cata privada,2022-08-26,2022-09-10,6672000.0,37,Ganada,,,6354000.0,4801000.0,190000.0,30
Q-00078,Empresa C-0001,Energía y minería,Regalos de fin de año,2022-08-29,2022-09-11,2855000.0,23,Ganada,,,2719000.0,2018000.0,84000.0,45
Q-00079,Empresa C-0095,Consumo masivo,Obsequios a clientes,2022-09-01,2022-10-08,6113000.0,43,Ganada,,,5822000.0,4496000.0,215000.0,60
Q-00080,Empresa C-0095,Tecnología,Evento corporativo,2022-09-02,2022-09-12,1151000.0,6,Perdida,Se fue con el proveedor de siempre,,0.0,0.0,0.0,60
Q-00081,Empresa C-0022,Financiero,Regalos de fin de año,2022-09-03,2022-12-08,1184000.0,6,Perdida,Precio,,0.0,0.0,0.0,45
Q-00082,Empresa C-0090,Consumo masivo,Boda o celebración privada,2022-09-03,2022-09-24,25074000.0,177,Perdida,Cobertura fuera de Bogotá,,0.0,0.0,0.0,30
Q-00083,Empresa C-0108,Educación,Regalos de fin de año,2022-09-05,2022-09-20,1468000.0,11,Perdida,Sin respuesta del cliente,,0.0,0.0,0.0,60
Q-00084,Empresa C-0048,Energía y minería,Cata privada,2022-09-08,2022-09-18,13961000.0,97,Ganada,,,13296000.0,9856000.0,620000.0,60
Q-00085,Empresa C-0034,Consumo masivo,Regalos de fin de año,2022-09-11,2022-11-08,2457000.0,15,Perdida,Se fue con el proveedor de siempre,,0.0,0.0,0.0,60
Q-00086,Empresa C-0249,Consultoría y legal,Regalos de fin de año,2022-09-13,2022-12-17,5187000.0,43,Perdida,Sin respuesta del cliente,,0.0,0.0,0.0,60
Q-00087,Empresa C-0608,Educación,Regalos de fin de año,2022-09-14,2022-11-17,2455000.0,12,Perdida,Se fue con el proveedor de siempre,,0.0,0.0,0.0,45
Q-00088,Empresa C-0023,Salud,Regalos de fin de año,2022-09-14,2022-11-06,1900000.0,16,Perdida,Tiempo de entrega,,0.0,0.0,0.0,30
Q-00089,Empresa C-0332,Inmobiliario y construcción,Obsequios a clientes,2022-09-15,2022-10-07,4730000.0,26,Ganada,,,4505000.0,3495000.0,172000.0,90
Q-00090,Empresa C-0040,Gremios y asociaciones,Regalos de fin de año,2022-09-19,2022-12-19,1871000.0,11,Perdida,Se fue con el proveedor de siempre,,0.0,0.0,0.0,45
Q-00091,Empresa C-0038,Inmobiliario y construcción,Regalos de fin de año,2022-09-20,2022-12-18,2770000.0,14,Perdida,Precio,,0.0,0.0,0.0,45
Q-00092,Empresa C-0182,Educación,Cata privada,2022-09-21,2022-11-09,7626000.0,61,Perdida,Precio,,0.0,0.0,0.0,60
Q-00093,Empresa C-0431,Financiero,Regalos de fin de año,2022-09-26,2022-11-02,600000.0,5,Perdida,Tiempo de entrega,,0.0,0.0,0.0,30
Q-00094,Empresa C-0083,Financiero,Regalos de fin de año,2022-09-27,2022-10-08,4763000.0,32,Perdida,Se fue con el proveedor de siempre,,0.0,0.0,0.0,60
Q-00095,Empresa C-0060,Financiero,Regalos de fin de año,2022-09-28,2022-12-15,6507000.0,47,Ganada,,,6197000.0,4629000.0,276000.0,90
Q-00096,Empresa C-0005,Consultoría y legal,Regalos de fin de año,2022-09-29,2022-10-25,3602000.0,23,Perdida,Precio,,0.0,0.0,0.0,45
Q-00097,Empresa C-0130,Financiero,Obsequios a clientes,2022-09-29,2022-10-12,1621000.0,10,Ganada,,,1544000.0,1183000.0,41000.0,60
Q-00098,Empresa C-0002,Financiero,Regalos de fin de año,2022-10-01,2022-12-09,3561000.0,18,Perdida,Precio,,0.0,0.0,0.0,45
Q-00099,Empresa C-0001,Automotriz,Regalos de fin de año,2022-10-02,2022-12-14,4395000.0,29,Ganada,,,4186000.0,3376000.0,194000.0,45
Q-00100,Empresa C-0136,Energía y minería,Evento corporativo,2022-10-07,2022-12-16,9472000.0,62,Ganada,,,9021000.0,6910000.0,439000.0,45
Q-00101,Empresa C-0080,Consultoría y legal,Regalos de fin de año,2022-10-08,2022-12-12,7178000.0,42,Perdida,Se fue con el proveedor de siempre,,0.0,0.0,0.0,45
Q-00102,Empresa C-0005,Inmobiliario y construcción,Evento corporativo,2022-10-09,2022-11-23,7382000.0,35,Ganada,,,7030000.0,5587000.0,271000.0,30
Q-00103,Empresa C-0013,Educación,Regalos de fin de año,2022-10-10,2022-11-13,6429000.0,40,Perdida,Precio,,0.0,0.0,0.0,90
Q-00104,Empresa C-0634,Energía y minería,Regalos de fin de año,2022-10-12,2022-12-13,7131000.0,57,Perdida,Se fue con el proveedor de siempre,,0.0,0.0,0.0,45
Q-00105,Empresa C-0001,Automotriz,Obsequios a clientes,2022-10-13,2022-12-06,5847000.0,48,Ganada,,,5569000.0,4286000.0,259000.0,60
Q-00106,Empresa C-0062,Financiero,Regalos de fin de año,2022-10-18,2022-12-17,5617000.0,32,Ganada,,,5350000.0,4141000.0,184000.0,45
Q-00107,Empresa C-0135,Financiero,Regalos de fin de año,2022-10-20,2022-12-11,1951000.0,11,Perdida,Precio,,0.0,0.0,0.0,30
Q-00108,Empresa C-0574,Financiero,Regalos de fin de año,2022-10-20,2022-12-13,4039000.0,25,Ganada,,,3847000.0,2866000.0,109000.0,45
Q-00109,Empresa C-0002,Inmobiliario y construcción,Regalos de fin de año,2022-10-25,2022-12-17,851000.0,4,Perdida,Precio,,0.0,0.0,0.0,45
Q-00110,Empresa C-0040,Gremios y asociaciones,Regalos de fin de año,2022-10-28,2022-12-08,28047000.0,186,Ganada,,,26711000.0,21215000.0,938000.0,45
Q-00111,Empresa C-0050,Tecnología,Regalos de fin de año,2022-11-09,2022-12-08,7262000.0,43,Ganada,,,6916000.0,5216000.0,228000.0,30
Q-00112,Empresa C-0142,Tecnología,Regalos de fin de año,2022-11-12,2022-12-10,890000.0,5,Perdida,Tiempo de entrega,,0.0,0.0,0.0,60
Q-00113,Empresa C-0462,Consumo masivo,Regalos de fin de año,2022-11-19,2023-01-01,1119000.0,6,Perdida,Precio,,0.0,0.0,0.0,60
Q-00114,Empresa C-0538,Consumo masivo,Boda o celebración privada,2022-11-26,2023-01-06,2738000.0,17,Ganada,,,2608000.0,2014000.0,106000.0,30
Q-00115,Empresa C-0130,Consultoría y legal,Regalos de fin de año,2022-12-03,2023-01-11,1567000.0,13,Perdida,Precio,,0.0,0.0,0.0,60
Q-00116,Empresa C-0003,Consultoría y legal,Cata privada,2022-12-15,2023-01-24,4971000.0,28,Ganada,,,4734000.0,3529000.0,164000.0,60
Q-00117,Empresa C-0043,Gremios y asociaciones,Cata privada,2022-12-23,2023-01-11,1029000.0,8,Perdida,Se fue con el proveedor de siempre,,0.0,0.0,0.0,60
Q-00118,Empresa C-0357,Financiero,Regalos de fin de año,2022-12-24,2023-01-09,4713000.0,31,Perdida,Precio,,0.0,0.0,0.0,60
Q-00119,Empresa C-0084,Financiero,Obsequios a clientes,2022-12-24,2023-01-18,600000.0,4,Perdida,Tiempo de entrega,,0.0,0.0,0.0,45
Q-00120,Empresa C-0022,Energía y minería,Boda o celebración privada,2022-12-26,2023-01-16,1165000.0,6,Ganada,,,1110000.0,858000.0,51000.0,45
Q-00121,Empresa C-0018,Consumo masivo,Obsequios a clientes,2022-12-28,2023-01-25,600000.0,5,Ganada,,,571000.0,459000.0,16000.0,45
Q-00122,Empresa C-0031,Consumo masivo,Obsequios a clientes,2022-12-30,2023-02-08,10750000.0,84,Ganada,,,10238000.0,7876000.0,335000.0,60
Q-00123,Empresa C-0044,Consultoría y legal,Obsequios a clientes,2023-01-02,2023-01-16,1028000.0,6,Perdida,Precio,,0.0,0.0,0.0,60
Q-00124,Empresa C-0471,Tecnología,Regalos de fin de año,2023-01-17,2023-01-27,3475000.0,17,Perdida,Sin respuesta del cliente,,0.0,0.0,0.0,90
Q-00125,Empresa C-0654,Gremios y asociaciones,Regalos de fin de año,2023-01-19,2023-03-02,3167000.0,20,Ganada,,,3016000.0,2362000.0,148000.0,45
Q-00126,Empresa C-0002,Automotriz,Boda o celebración privada,2023-01-23,2023-03-05,918000.0,5,Perdida,Se fue con el proveedor de siempre,,0.0,0.0,0.0,45
Q-00127,Empresa C-0434,Consumo masivo,Evento corporativo,2023-01-26,2023-03-11,2164000.0,14,Ganada,,,2061000.0,1588000.0,90000.0,60
Q-00128,Empresa C-0004,Inmobiliario y construcción,Regalos de fin de año,2023-01-27,2023-03-10,5112000.0,34,Perdida,Sin respuesta del cliente,,0.0,0.0,0.0,45
Q-00129,Empresa C-0609,Inmobiliario y construcción,Regalos de fin de año,2023-01-27,2023-03-07,24713000.0,202,Perdida,Precio,,0.0,0.0,0.0,30
Q-00130,Empresa C-0099,Salud,Regalos de fin de año,2023-01-29,2023-03-04,2725000.0,14,Perdida,Precio,,0.0,0.0,0.0,30
Q-00131,Empresa C-0111,Salud,Regalos de fin de año,2023-01-30,2023-02-23,1566000.0,8,Ganada,,,1491000.0,1114000.0,50000.0,60
Q-00132,Empresa C-0015,Tecnología,Boda o celebración privada,2023-02-02,2023-03-02,2899000.0,21,Perdida,Precio,,0.0,0.0,0.0,30
Q-00133,Empresa C-0257,Tecnología,Regalos de fin de año,2023-02-02,2023-03-18,2027000.0,11,Perdida,Tiempo de entrega,,0.0,0.0,0.0,45
Q-00134,Empresa C-0205,Financiero,Regalos de fin de año,2023-02-02,2023-03-17,600000.0,4,Perdida,Sin respuesta del cliente,,0.0,0.0,0.0,45
Q-00135,Empresa C-0068,Tecnología,Regalos de fin de año,2023-02-06,2023-03-12,1684000.0,11,Ganada,,,1604000.0,1294000.0,80000.0,45
Q-00136,Empresa C-0182,Automotriz,Cata privada,2023-02-07,2023-03-07,2679000.0,20,Perdida,Precio,,0.0,0.0,0.0,45
Q-00137,Empresa C-0567,Salud,Regalos de fin de año,2023-02-07,2023-03-20,46180000.0,297,Perdida,Se fue con el proveedor de siempre,,0.0,0.0,0.0,45
Q-00138,Empresa C-0094,Salud,Obsequios a clientes,2023-02-09,2023-03-18,3980000.0,24,Perdida,Se fue con el proveedor de siempre,,0.0,0.0,0.0,60
Q-00139,Empresa C-0318,Tecnología,Regalos de fin de año,2023-02-13,2023-03-09,6782000.0,43,Perdida,Sin respuesta del cliente,,0.0,0.0,0.0,60
Q-00140,Empresa C-0016,Energía y minería,Regalos de fin de año,2023-02-14,2023-03-03,600000.0,5,Ganada,,,571000.0,441000.0,27000.0,30
Q-00141,Empresa C-0671,Consultoría y legal,Regalos de fin de año,2023-02-16,2023-03-03,4936000.0,35,Ganada,,,4701000.0,3619000.0,195000.0,60
Q-00142,Empresa C-0639,Salud,Regalos de fin de año,2023-02-17,2023-03-03,2198000.0,15,Perdida,Precio,,0.0,0.0,0.0,90
Q-00143,Empresa C-0159,Salud,Regalos de fin de año,2023-02-24,2023-03-08,11568000.0,85,Perdida,Se fue con el proveedor de siempre,,0.0,0.0,0.0,45
Q-00144,Empresa C-0237,Consultoría y legal,Boda o celebración privada,2023-03-02,2023-03-17,7291000.0,41,Perdida,Se fue con el proveedor de siempre,,0.0,0.0,0.0,45
Q-00145,Empresa C-0174,Financiero,Obsequios a clientes,2023-03-05,2023-03-23,3325000.0,18,Perdida,Precio,,0.0,0.0,0.0,45
Q-00146,Empresa C-0018,Tecnología,Boda o celebración privada,2023-03-05,2023-03-15,3111000.0,18,Ganada,,,2963000.0,2333000.0,112000.0,45
Q-00147,Empresa C-0011,Tecnología,Regalos de fin de año,2023-03-11,2023-03-25,9223000.0,59,Perdida,Sin respuesta del cliente,,0.0,0.0,0.0,45
Q-00148,Empresa C-0626,Consumo masivo,Cata privada,2023-03-19,2023-05-02,4509000.0,28,Ganada,,,4294000.0,3446000.0,177000.0,30
Q-00149,Empresa C-0339,Inmobiliario y construcción,Boda o celebración privada,2023-03-24,2023-05-03,9227000.0,69,Ganada,,,8788000.0,6819000.0,234000.0,60
Q-00150,Empresa C-0004,Inmobiliario y construcción,Obsequios a clientes,2023-03-25,2023-04-19,6167000.0,46,Ganada,,,5873000.0,4629000.0,245000.0,45
Q-00151,Empresa C-0021,Gremios y asociaciones,Obsequios a clientes,2023-03-29,2023-04-14,10439000.0,54,Ganada,,,9942000.0,7950000.0,418000.0,30
Q-00152,Empresa C-0008,Gremios y asociaciones,Evento corporativo,2023-04-08,2023-05-07,2537000.0,16,Perdida,Precio,,0.0,0.0,0.0,45
Q-00153,Empresa C-0568,Salud,Evento corporativo,2023-04-11,2023-05-09,2897000.0,24,Perdida,Sin respuesta del cliente,,0.0,0.0,0.0,60
Q-00154,Empresa C-0265,Consultoría y legal,Regalos de fin de año,2023-04-11,2023-05-07,6441000.0,42,Ganada,,,6134000.0,4920000.0,294000.0,45
Q-00155,Empresa C-0340,Consultoría y legal,Regalos de fin de año,2023-04-12,2023-05-10,14816000.0,74,Perdida,Tiempo de entrega,,0.0,0.0,0.0,60
Q-00156,Empresa C-0299,Tecnología,Evento corporativo,2023-04-18,2023-05-20,1588000.0,8,Perdida,Precio,,0.0,0.0,0.0,45
Q-00157,Empresa C-0119,Educación,Evento corporativo,2023-04-23,2023-05-18,6174000.0,44,Perdida,Tiempo de entrega,,0.0,0.0,0.0,45
Q-00158,Empresa C-0002,Salud,Regalos de fin de año,2023-04-24,2023-06-04,20135000.0,134,Ganada,,,19176000.0,15242000.0,708000.0,30
Q-00159,Empresa C-0662,Salud,Regalos de fin de año,2023-05-06,2023-05-21,2731000.0,17,Ganada,,,2601000.0,2098000.0,114000.0,45
Q-00160,Empresa C-0058,Tecnología,Regalos de fin de año,2023-05-06,2023-05-23,3027000.0,18,Perdida,Precio,,0.0,0.0,0.0,60
Q-00161,Empresa C-0021,Financiero,Evento corporativo,2023-05-14,2023-06-20,1009000.0,5,Ganada,,,961000.0,751000.0,31000.0,45
Q-00162,Empresa C-0152,Consumo masivo,Obsequios a clientes,2023-05-21,2023-06-05,13366000.0,102,Ganada,,,12730000.0,9698000.0,376000.0,60
Q-00163,Empresa C-0339,Gremios y asociaciones,Regalos de fin de año,2023-05-22,2023-06-25,7099000.0,50,Perdida,Tiempo de entrega,,0.0,0.0,0.0,45
Q-00164,Empresa C-0076,Energía y minería,Evento corporativo,2023-05-25,2023-07-03,3323000.0,20,Perdida,Se fue con el proveedor de siempre,,0.0,0.0,0.0,45
Q-00165,Empresa C-0004,Financiero,Boda o celebración privada,2023-05-26,2023-07-01,31581000.0,156,Perdida,Precio,,0.0,0.0,0.0,90
Q-00166,Empresa C-0003,Salud,Obsequios a clientes,2023-05-28,2023-06-07,4253000.0,22,Perdida,Tiempo de entrega,,0.0,0.0,0.0,30
Q-00167,Empresa C-0125,Tecnología,Regalos de fin de año,2023-05-29,2023-06-25,9575000.0,74,Perdida,Precio,,0.0,0.0,0.0,45
Q-00168,Empresa C-0503,Consumo masivo,Boda o celebración privada,2023-06-02,2023-07-09,14827000.0,106,Perdida,Precio,,0.0,0.0,0.0,30
Q-00169,Empresa C-0622,Tecnología,Regalos de fin de año,2023-06-08,2023-06-18,55044000.0,369,Perdida,Cobertura fuera de Bogotá,,0.0,0.0,0.0,90
Q-00170,Empresa C-0098,Consumo masivo,Regalos de fin de año,2023-06-10,2023-07-04,2230000.0,13,Ganada,,,2124000.0,1703000.0,56000.0,45
Q-00171,Empresa C-0254,Inmobiliario y construcción,Regalos de fin de año,2023-06-13,2023-07-11,7200000.0,40,Ganada,,,6857000.0,5183000.0,212000.0,60
Q-00172,Empresa C-0352,Financiero,Cata privada,2023-06-13,2023-07-23,3989000.0,26,Ganada,,,3799000.0,2878000.0,131000.0,60
Q-00173,Empresa C-0322,Tecnología,Cata privada,2023-06-14,2023-06-27,2272000.0,11,Perdida,Precio,,0.0,0.0,0.0,45
Q-00174,Empresa C-0171,Inmobiliario y construcción,Regalos de fin de año,2023-06-16,2023-07-13,2868000.0,20,Perdida,Precio,,0.0,0.0,0.0,90
Q-00175,Empresa C-0004,Gremios y asociaciones,Evento corporativo,2023-06-23,2023-07-05,1737000.0,14,Perdida,Se fue con el proveedor de siempre,,0.0,0.0,0.0,90
Q-00176,Empresa C-0599,Inmobiliario y construcción,Boda o celebración privada,2023-06-23,2023-07-06,1891000.0,12,Perdida,Precio,,0.0,0.0,0.0,30
Q-00177,Empresa C-0015,Financiero,Regalos de fin de año,2023-06-24,2023-07-19,885000.0,5,Ganada,,,843000.0,682000.0,23000.0,45
Q-00178,Empresa C-0290,Automotriz,Obsequios a clientes,2023-06-26,2023-07-11,2267000.0,14,Ganada,,,2159000.0,1646000.0,71000.0,45
Q-00179,Empresa C-0128,Salud,Regalos de fin de año,2023-06-29,2023-11-14,1965000.0,10,Ganada,,,1871000.0,1446000.0,87000.0,45
Q-00180,Empresa C-0189,Educación,Regalos de fin de año,2023-06-30,2023-07-16,2298000.0,18,Perdida,Precio,,0.0,0.0,0.0,30
Q-00181,Empresa C-0002,Tecnología,Regalos de fin de año,2023-06-30,2023-11-21,1157000.0,6,Perdida,Se fue con el proveedor de siempre,,0.0,0.0,0.0,30
Q-00182,Empresa C-0025,Consumo masivo,Regalos de fin de año,2023-06-30,2023-11-24,17236000.0,101,Ganada,,,16415000.0,13263000.0,531000.0,60
Q-00183,Empresa C-0009,Inmobiliario y construcción,Regalos de fin de año,2023-07-03,2023-11-20,1939000.0,11,Perdida,Precio,,0.0,0.0,0.0,45
Q-00184,Empresa C-0001,Tecnología,Regalos de fin de año,2023-07-03,2023-08-13,28714000.0,174,Ganada,,,27347000.0,20403000.0,1099000.0,45
Q-00185,Empresa C-0053,Tecnología,Regalos de fin de año,2023-07-03,2023-11-27,7356000.0,36,Ganada,,,7006000.0,5668000.0,289000.0,30
Q-00186,Empresa C-0359,Consultoría y legal,Obsequios a clientes,2023-07-07,2023-07-20,10413000.0,76,Perdida,Precio,,0.0,0.0,0.0,45
Q-00187,Empresa C-0103,Inmobiliario y construcción,Regalos de fin de año,2023-07-11,2023-08-16,8742000.0,68,Perdida,Precio,,0.0,0.0,0.0,60
Q-00188,Empresa C-0010,Financiero,Regalos de fin de año,2023-07-12,2023-11-22,4431000.0,23,Perdida,Precio,,0.0,0.0,0.0,45
Q-00189,Empresa C-0084,Financiero,Evento corporativo,2023-07-13,2023-08-16,10677000.0,87,Ganada,,,10169000.0,7871000.0,362000.0,90
Q-00190,Empresa C-0376,Consultoría y legal,Boda o celebración privada,2023-07-14,2023-08-25,1558000.0,8,Perdida,Precio,,0.0,0.0,0.0,60
Q-00191,Empresa C-0043,Salud,Regalos de fin de año,2023-07-15,2023-12-09,17634000.0,133,Perdida,Sin respuesta del cliente,,0.0,0.0,0.0,30
Q-00192,Empresa C-0094,Automotriz,Regalos de fin de año,2023-07-15,2023-12-10,7201000.0,40,Ganada,,,6858000.0,5537000.0,218000.0,60
Q-00193,Empresa C-0514,Salud,Evento corporativo,2023-07-16,2023-08-23,1987000.0,12,Ganada,,,1892000.0,1403000.0,51000.0,90
Q-00194,Empresa C-0504,Tecnología,Regalos de fin de año,2023-07-17,2023-11-15,5031000.0,39,Perdida,Precio,,0.0,0.0,0.0,90
Q-00195,Empresa C-0053,Salud,Obsequios a clientes,2023-07-17,2023-08-12,2035000.0,17,Ganada,,,1938000.0,1468000.0,87000.0,45
Q-00196,Empresa C-0121,Consultoría y legal,Regalos de fin de año,2023-07-24,2023-11-04,3586000.0,21,Perdida,Precio,,0.0,0.0,0.0,30
Q-00197,Empresa C-0306,Consultoría y legal,Regalos de fin de año,2023-07-26,2023-12-17,59312000.0,299,Ganada,,,56488000.0,45602000.0,2236000.0,90
Q-00198,Empresa C-0002,Consumo masivo,Regalos de fin de año,2023-07-27,2023-12-17,3131000.0,19,Perdida,Se fue con el proveedor de siempre,,0.0,0.0,0.0,60
Q-00199,Empresa C-0002,Gremios y asociaciones,Regalos de fin de año,2023-07-27,2023-12-13,17940000.0,130,Ganada,,,17086000.0,12768000.0,686000.0,45
Q-00200,Empresa C-0123,Consumo masivo,Regalos de fin de año,2023-07-27,2023-11-24,6139000.0,41,Perdida,Tiempo de entrega,,0.0,0.0,0.0,30
Q-00201,Empresa C-0011,Salud,Regalos de fin de año,2023-07-30,2023-12-15,5757000.0,32,Perdida,Se fue con el proveedor de siempre,,0.0,0.0,0.0,45
Q-00202,Empresa C-0465,Consumo masivo,Regalos de fin de año,2023-07-30,2023-12-15,7875000.0,62,Perdida,Se fue con el proveedor de siempre,,0.0,0.0,0.0,45
Q-00203,Empresa C-0077,Tecnología,Regalos de fin de año,2023-08-03,2023-12-14,7301000.0,52,Ganada,,,6953000.0,5194000.0,231000.0,90
Q-00204,Empresa C-0193,Tecnología,Regalos de fin de año,2023-08-06,2023-12-16,5976000.0,33,Perdida,Se fue con el proveedor de siempre,,0.0,0.0,0.0,30
Q-00205,Empresa C-0001,Financiero,Regalos de fin de año,2023-08-08,2023-12-15,5886000.0,38,Perdida,Se fue con el proveedor de siempre,,0.0,0.0,0.0,60
Q-00206,Empresa C-0027,Salud,Cata privada,2023-08-08,2023-12-02,15286000.0,105,Ganada,,,14558000.0,11308000.0,368000.0,60
Q-00207,Empresa C-0618,Financiero,Regalos de fin de año,2023-08-10,2023-12-12,1403000.0,12,Perdida,Precio,,0.0,0.0,0.0,45
Q-00208,Empresa C-0014,Consumo masivo,Regalos de fin de año,2023-08-10,2023-12-10,3604000.0,19,Ganada,,,3432000.0,2692000.0,166000.0,45
Q-00209,Empresa C-0081,Salud,Regalos de fin de año,2023-08-10,2023-11-02,17374000.0,115,Ganada,,,16547000.0,12758000.0,592000.0,60
Q-00210,Empresa C-0647,Financiero,Regalos de fin de año,2023-08-10,2023-12-16,2294000.0,12,Perdida,Precio,,0.0,0.0,0.0,30
Q-00211,Empresa C-0237,Salud,Regalos de fin de año,2023-08-12,2023-11-11,2429000.0,14,Perdida,Precio,,0.0,0.0,0.0,60
Q-00212,Empresa C-0695,Financiero,Evento corporativo,2023-08-12,2023-09-11,11617000.0,58,Ganada,,,11064000.0,8262000.0,330000.0,45
Q-00213,Empresa C-0003,Financiero,Evento corporativo,2023-08-12,2023-12-13,1407000.0,11,Perdida,Tiempo de entrega,,0.0,0.0,0.0,30
Q-00214,Empresa C-0143,Educación,Regalos de fin de año,2023-08-12,2023-12-14,1855000.0,13,Perdida,Precio,,0.0,0.0,0.0,60
Q-00215,Empresa C-0001,Financiero,Regalos de fin de año,2023-08-13,2023-11-23,6437000.0,41,Perdida,Precio,,0.0,0.0,0.0,30
Q-00216,Empresa C-0024,Salud,Regalos de fin de año,2023-08-14,2023-09-25,18420000.0,119,Ganada,,,17543000.0,13390000.0,774000.0,45
Q-00217,Empresa C-0061,Consultoría y legal,Cata privada,2023-08-15,2023-12-19,1273000.0,7,Perdida,Precio,,0.0,0.0,0.0,60
Q-00218,Empresa C-0004,Inmobiliario y construcción,Evento corporativo,2023-08-16,2023-09-13,4689000.0,27,Perdida,Se fue con el proveedor de siempre,,0.0,0.0,0.0,45
Q-00219,Empresa C-0073,Consultoría y legal,Regalos de fin de año,2023-08-17,2023-12-20,4001000.0,22,Ganada,,,3810000.0,2851000.0,168000.0,45
Q-00220,Empresa C-0413,Consultoría y legal,Regalos de fin de año,2023-08-19,2023-12-01,1956000.0,12,Perdida,Precio,,0.0,0.0,0.0,60
Q-00221,Empresa C-0370,Inmobiliario y construcción,Cata privada,2023-08-23,2023-09-07,2450000.0,13,Ganada,,,2333000.0,1787000.0,112000.0,60
Q-00222,Empresa C-0004,Automotriz,Boda o celebración privada,2023-08-29,2023-10-10,7009000.0,40,Ganada,,,6675000.0,5139000.0,178000.0,60
Q-00223,Empresa C-0696,Educación,Regalos de fin de año,2023-08-31,2023-10-12,4368000.0,21,Perdida,Precio,,0.0,0.0,0.0,45
Q-00224,Empresa C-0017,Tecnología,Regalos de fin de año,2023-09-02,2023-11-27,5786000.0,31,Perdida,Precio,,0.0,0.0,0.0,45
Q-00225,Empresa C-0064,Financiero,Obsequios a clientes,2023-09-04,2023-10-16,7244000.0,57,Perdida,Tiempo de entrega,,0.0,0.0,0.0,60
Q-00226,Empresa C-0094,Energía y minería,Boda o celebración privada,2023-09-08,2023-10-18,756000.0,4,Perdida,Se fue con el proveedor de siempre,,0.0,0.0,0.0,60
Q-00227,Empresa C-0064,Educación,Regalos de fin de año,2023-09-11,2023-12-19,1505000.0,8,Perdida,Precio,,0.0,0.0,0.0,60
Q-00228,Empresa C-0164,Consumo masivo,Regalos de fin de año,2023-09-11,2023-12-11,7953000.0,40,Ganada,,,7574000.0,5828000.0,362000.0,45
Q-00229,Empresa C-0044,Consultoría y legal,Obsequios a clientes,2023-09-14,2023-12-06,2341000.0,16,Perdida,Precio,,0.0,0.0,0.0,30
Q-00230,Empresa C-0032,Automotriz,Regalos de fin de año,2023-09-14,2023-10-04,8081000.0,47,Perdida,Precio,,0.0,0.0,0.0,60
Q-00231,Empresa C-0004,Consumo masivo,Regalos de fin de año,2023-09-15,2023-12-07,2161000.0,12,Ganada,,,2058000.0,1562000.0,52000.0,45
Q-00232,Empresa C-0014,Financiero,Regalos de fin de año,2023-09-17,2023-10-23,3688000.0,28,Perdida,Tiempo de entrega,,0.0,0.0,0.0,60
Q-00233,Empresa C-0001,Consultoría y legal,Obsequios a clientes,2023-09-17,2023-10-14,2132000.0,14,Ganada,,,2030000.0,1527000.0,59000.0,30
Q-00234,Empresa C-0035,Financiero,Regalos de fin de año,2023-09-18,2023-12-13,1734000.0,11,Ganada,,,1651000.0,1313000.0,67000.0,30
Q-00235,Empresa C-0001,Salud,Regalos de fin de año,2023-09-19,2023-10-24,12514000.0,66,Ganada,,,11918000.0,9400000.0,516000.0,45
Q-00236,Empresa C-0182,Automotriz,Regalos de fin de año,2023-09-19,2023-10-17,1357000.0,7,Ganada,,,1292000.0,1031000.0,33000.0,60
Q-00237,Empresa C-0283,Energía y minería,Regalos de fin de año,2023-09-21,2023-12-17,1124000.0,6,Ganada,,,1070000.0,810000.0,52000.0,60
Q-00238,Empresa C-0229,Financiero,Regalos de fin de año,2023-09-21,2023-10-02,672000.0,5,Perdida,Sin respuesta del cliente,,0.0,0.0,0.0,45
Q-00239,Empresa C-0071,Financiero,Regalos de fin de año,2023-09-21,2023-11-01,21446000.0,151,Ganada,,,20425000.0,15621000.0,832000.0,60
Q-00240,Empresa C-0345,Educación,Obsequios a clientes,2023-09-26,2023-10-10,8417000.0,44,Perdida,Precio,,0.0,0.0,0.0,45
Q-00241,Empresa C-0045,Consultoría y legal,Regalos de fin de año,2023-09-27,2023-12-01,11803000.0,92,Perdida,Precio,,0.0,0.0,0.0,30
Q-00242,Empresa C-0043,Financiero,Boda o celebración privada,2023-10-04,2023-10-18,3138000.0,21,Perdida,Sin respuesta del cliente,,0.0,0.0,0.0,60
Q-00243,Empresa C-0367,Consumo masivo,Evento corporativo,2023-10-04,2023-12-19,6972000.0,48,Perdida,Sin respuesta del cliente,,0.0,0.0,0.0,60
Q-00244,Empresa C-0316,Educación,Regalos de fin de año,2023-10-06,2023-12-14,4283000.0,28,Ganada,,,4079000.0,3111000.0,124000.0,45
Q-00245,Empresa C-0072,Consumo masivo,Regalos de fin de año,2023-10-07,2023-11-21,10236000.0,66,Perdida,Tiempo de entrega,,0.0,0.0,0.0,30
Q-00246,Empresa C-0056,Tecnología,Regalos de fin de año,2023-10-09,2023-12-05,29008000.0,140,Perdida,Se fue con el proveedor de siempre,,0.0,0.0,0.0,30
Q-00247,Empresa C-0103,Financiero,Regalos de fin de año,2023-10-09,2023-12-08,2258000.0,11,Perdida,Se fue con el proveedor de siempre,,0.0,0.0,0.0,60
Q-00248,Empresa C-0006,Consultoría y legal,Regalos de fin de año,2023-10-12,2023-10-25,1014000.0,6,Ganada,,,966000.0,737000.0,44000.0,45
Q-00249,Empresa C-0026,Salud,Regalos de fin de año,2023-10-15,2023-12-05,3926000.0,29,Ganada,,,3739000.0,2836000.0,147000.0,30
Q-00250,Empresa C-0004,Inmobiliario y construcción,Regalos de fin de año,2023-10-15,2023-12-03,2923000.0,15,Perdida,Cobertura fuera de Bogotá,,0.0,0.0,0.0,30
Q-00251,Empresa C-0002,Financiero,Regalos de fin de año,2023-10-21,2023-12-14,2468000.0,16,Perdida,Precio,,0.0,0.0,0.0,60
Q-00252,Empresa C-0034,Financiero,Regalos de fin de año,2023-10-23,2023-11-19,984000.0,5,Ganada,,,937000.0,725000.0,28000.0,60
Q-00253,Empresa C-0227,Automotriz,Evento corporativo,2023-10-24,2023-12-09,3632000.0,21,Ganada,,,3459000.0,2632000.0,137000.0,45
Q-00254,Empresa C-0026,Consumo masivo,Regalos de fin de año,2023-10-24,2023-12-17,16174000.0,85,Perdida,Precio,,0.0,0.0,0.0,45
Q-00255,Empresa C-0035,Energía y minería,Obsequios a clientes,2023-10-27,2023-12-19,10161000.0,72,Perdida,Tiempo de entrega,,0.0,0.0,0.0,45
Q-00256,Empresa C-0166,Salud,Regalos de fin de año,2023-10-29,2023-12-09,7821000.0,58,Perdida,Tiempo de entrega,,0.0,0.0,0.0,45
Q-00257,Empresa C-0173,Tecnología,Regalos de fin de año,2023-10-30,2023-12-17,8975000.0,57,Perdida,Precio,,0.0,0.0,0.0,45
Q-00258,Empresa C-0477,Inmobiliario y construcción,Regalos de fin de año,2023-10-30,2023-12-17,1986000.0,13,Perdida,Precio,,0.0,0.0,0.0,45
Q-00259,Empresa C-0063,Gremios y asociaciones,Regalos de fin de año,2023-10-31,2023-12-02,16930000.0,116,Perdida,Sin respuesta del cliente,,0.0,0.0,0.0,45
Q-00260,Empresa C-0367,Educación,Regalos de fin de año,2023-11-05,2023-12-15,3222000.0,21,Ganada,,,3069000.0,2347000.0,149000.0,60
Q-00261,Empresa C-0009,Automotriz,Boda o celebración privada,2023-11-08,2023-12-04,2920000.0,20,Perdida,Sin respuesta del cliente,,0.0,0.0,0.0,45
Q-00262,Empresa C-0022,Gremios y asociaciones,Evento corporativo,2023-11-30,2024-01-13,1036000.0,8,Ganada,,,987000.0,774000.0,32000.0,45
Q-00263,Empresa C-0023,Educación,Regalos de fin de año,2023-12-07,2024-01-16,19355000.0,109,Perdida,Se fue con el proveedor de siempre,,0.0,0.0,0.0,30
Q-00264,Empresa C-0348,Consumo masivo,Regalos de fin de año,2023-12-16,2024-01-01,1707000.0,13,Perdida,Se fue con el proveedor de siempre,,0.0,0.0,0.0,60
Q-00265,Empresa C-0080,Automotriz,Cata privada,2023-12-16,2024-01-12,5118000.0,39,Perdida,Precio,,0.0,0.0,0.0,30
Q-00266,Empresa C-0086,Tecnología,Obsequios a clientes,2023-12-18,2024-01-18,57681000.0,277,Ganada,,,54934000.0,43027000.0,2140000.0,60
Q-00267,Empresa C-0062,Inmobiliario y construcción,Obsequios a clientes,2023-12-21,2024-01-17,4657000.0,23,Perdida,Sin respuesta del cliente,,0.0,0.0,0.0,30
Q-00268,Empresa C-0056,Tecnología,Boda o celebración privada,2023-12-24,2024-01-17,4435000.0,33,Perdida,Cobertura fuera de Bogotá,,0.0,0.0,0.0,90
Q-00269,Empresa C-0152,Tecnología,Boda o celebración privada,2023-12-28,2024-01-26,1028000.0,6,Perdida,Precio,,0.0,0.0,0.0,45
Q-00270,Empresa C-0185,Educación,Evento corporativo,2024-01-01,2024-01-22,600000.0,4,Perdida,Cobertura fuera de Bogotá,,0.0,0.0,0.0,60
Q-00271,Empresa C-0069,Consumo masivo,Regalos de fin de año,2024-01-03,2024-01-16,1332000.0,11,Perdida,Tiempo de entrega,,0.0,0.0,0.0,45
Q-00272,Empresa C-0001,Automotriz,Regalos de fin de año,2024-01-05,2024-02-10,3069000.0,20,Ganada,,,2923000.0,2323000.0,78000.0,60
Q-00273,Empresa C-0005,Consultoría y legal,Evento corporativo,2024-01-16,2024-02-02,3668000.0,20,Perdida,Se fue con el proveedor de siempre,,0.0,0.0,0.0,60
Q-00274,Empresa C-0188,Tecnología,Regalos de fin de año,2024-01-24,2024-02-23,1328000.0,9,Perdida,Sin respuesta del cliente,,0.0,0.0,0.0,45
Q-00275,Empresa C-0007,Salud,Obsequios a clientes,2024-01-30,2024-03-07,3814000.0,28,Perdida,Se fue con el proveedor de siempre,,0.0,0.0,0.0,45
Q-00276,Empresa C-0016,Consumo masivo,Evento corporativo,2024-02-05,2024-02-23,2947000.0,21,Ganada,,,2807000.0,2167000.0,120000.0,30
Q-00277,Empresa C-0250,Financiero,Regalos de fin de año,2024-02-07,2024-02-21,5633000.0,36,Ganada,,,5365000.0,4106000.0,222000.0,30
Q-00278,Empresa C-0247,Financiero,Boda o celebración privada,2024-02-07,2024-03-10,600000.0,4,Perdida,Tiempo de entrega,,0.0,0.0,0.0,60
Q-00279,Empresa C-0084,Financiero,Regalos de fin de año,2024-02-08,2024-03-12,975000.0,7,Perdida,Precio,,0.0,0.0,0.0,45
Q-00280,Empresa C-0012,Consultoría y legal,Obsequios a clientes,2024-02-10,2024-02-24,8618000.0,61,Ganada,,,8208000.0,6454000.0,221000.0,45
Q-00281,Empresa C-0016,Gremios y asociaciones,Regalos de fin de año,2024-02-12,2024-03-24,19582000.0,120,Ganada,,,18650000.0,13958000.0,900000.0,45
Q-00282,Empresa C-0309,Consultoría y legal,Obsequios a clientes,2024-02-24,2024-03-21,6522000.0,52,Ganada,,,6211000.0,4659000.0,302000.0,60
Q-00283,Empresa C-0001,Consultoría y legal,Obsequios a clientes,2024-02-26,2024-03-21,3084000.0,25,Ganada,,,2937000.0,2260000.0,125000.0,30
Q-00284,Empresa C-0027,Financiero,Boda o celebración privada,2024-02-28,2024-03-25,12408000.0,70,Ganada,,,11817000.0,8916000.0,567000.0,30
Q-00285,Empresa C-0050,Automotriz,Cata privada,2024-02-29,2024-03-22,11178000.0,86,Perdida,Tiempo de entrega,,0.0,0.0,0.0,45
Q-00286,Empresa C-0676,Financiero,Regalos de fin de año,2024-03-01,2024-04-14,17253000.0,122,Perdida,Sin respuesta del cliente,,0.0,0.0,0.0,45
Q-00287,Empresa C-0307,Consumo masivo,Regalos de fin de año,2024-03-01,2024-04-08,600000.0,4,Perdida,Precio,,0.0,0.0,0.0,45
Q-00288,Empresa C-0255,Consultoría y legal,Obsequios a clientes,2024-03-02,2024-03-26,602000.0,4,Ganada,,,573000.0,454000.0,28000.0,30
Q-00289,Empresa C-0002,Energía y minería,Cata privada,2024-03-03,2024-04-01,4696000.0,23,Perdida,Tiempo de entrega,,0.0,0.0,0.0,45
Q-00290,Empresa C-0001,Financiero,Cata privada,2024-03-14,2024-04-19,12569000.0,86,Ganada,,,11970000.0,9027000.0,468000.0,30
Q-00291,Empresa C-0342,Energía y minería,Boda o celebración privada,2024-03-18,2024-04-09,1156000.0,8,Ganada,,,1101000.0,823000.0,30000.0,45
Q-00292,Empresa C-0001,Financiero,Cata privada,2024-03-19,2024-04-10,762000.0,6,Perdida,Se fue con el proveedor de siempre,,0.0,0.0,0.0,60
Q-00293,Empresa C-0016,Tecnología,Evento corporativo,2024-03-19,2024-04-08,10323000.0,66,Ganada,,,9831000.0,7390000.0,392000.0,45
Q-00294,Empresa C-0257,Gremios y asociaciones,Evento corporativo,2024-03-21,2024-05-01,15496000.0,90,Perdida,Precio,,0.0,0.0,0.0,90
Q-00295,Empresa C-0059,Financiero,Regalos de fin de año,2024-03-21,2024-04-10,600000.0,4,Perdida,Precio,,0.0,0.0,0.0,30
Q-00296,Empresa C-0177,Automotriz,Regalos de fin de año,2024-03-24,2024-04-11,2180000.0,10,Perdida,Sin respuesta del cliente,,0.0,0.0,0.0,45
Q-00297,Empresa C-0003,Automotriz,Regalos de fin de año,2024-03-24,2024-05-03,12367000.0,93,Perdida,Precio,,0.0,0.0,0.0,45
Q-00298,Empresa C-0002,Inmobiliario y construcción,Regalos de fin de año,2024-03-25,2024-04-16,9849000.0,70,Ganada,,,9380000.0,7071000.0,442000.0,45
Q-00299,Empresa C-0021,Tecnología,Evento corporativo,2024-03-26,2024-04-11,2617000.0,19,Perdida,Precio,,0.0,0.0,0.0,45
Q-00300,Empresa C-0122,Financiero,Evento corporativo,2024-03-27,2024-04-22,3585000.0,20,Perdida,Sin respuesta del cliente,,0.0,0.0,0.0,30
Q-00301,Empresa C-0007,Consultoría y legal,Boda o celebración privada,2024-04-02,2024-05-03,1498000.0,12,Ganada,,,1427000.0,1119000.0,44000.0,45
Q-00302,Empresa C-0145,Tecnología,Regalos de fin de año,2024-04-03,2024-05-10,2838000.0,19,Perdida,Precio,,0.0,0.0,0.0,45
Q-00303,Empresa C-0496,Educación,Regalos de fin de año,2024-04-04,2024-05-05,4095000.0,33,Perdida,Sin respuesta del cliente,,0.0,0.0,0.0,60
Q-00304,Empresa C-0164,Consultoría y legal,Evento corporativo,2024-04-06,2024-05-11,2011000.0,13,Perdida,Precio,,0.0,0.0,0.0,45
Q-00305,Empresa C-0010,Automotriz,Regalos de fin de año,2024-04-07,2024-05-19,8187000.0,39,Perdida,Tiempo de entrega,,0.0,0.0,0.0,60
Q-00306,Empresa C-0311,Financiero,Regalos de fin de año,2024-04-07,2024-05-18,4365000.0,30,Perdida,Precio,,0.0,0.0,0.0,60
Q-00307,Empresa C-0178,Inmobiliario y construcción,Regalos de fin de año,2024-04-11,2024-05-04,1468000.0,8,Ganada,,,1398000.0,1037000.0,59000.0,60
Q-00308,Empresa C-0195,Financiero,Regalos de fin de año,2024-04-11,2024-05-25,1838000.0,10,Perdida,Cobertura fuera de Bogotá,,0.0,0.0,0.0,60
Q-00309,Empresa C-0166,Tecnología,Regalos de fin de año,2024-04-11,2024-04-22,2134000.0,15,Perdida,Se fue con el proveedor de siempre,,0.0,0.0,0.0,45
Q-00310,Empresa C-0357,Financiero,Evento corporativo,2024-04-12,2024-05-05,753000.0,6,Ganada,,,717000.0,565000.0,34000.0,45
Q-00311,Empresa C-0373,Tecnología,Obsequios a clientes,2024-04-12,2024-04-22,10992000.0,73,Perdida,Tiempo de entrega,,0.0,0.0,0.0,45
Q-00312,Empresa C-0120,Inmobiliario y construcción,Regalos de fin de año,2024-04-13,2024-05-25,4343000.0,21,Ganada,,,4136000.0,3160000.0,198000.0,60
Q-00313,Empresa C-0212,Financiero,Regalos de fin de año,2024-04-13,2024-05-17,1177000.0,7,Ganada,,,1121000.0,874000.0,32000.0,30
Q-00314,Empresa C-0363,Consultoría y legal,Evento corporativo,2024-04-13,2024-05-03,3389000.0,25,Ganada,,,3228000.0,2465000.0,124000.0,45
Q-00315,Empresa C-0009,Financiero,Boda o celebración privada,2024-04-14,2024-05-17,3747000.0,25,Ganada,,,3569000.0,2806000.0,177000.0,30
Q-00316,Empresa C-0001,Inmobiliario y construcción,Regalos de fin de año,2024-04-14,2024-04-26,1126000.0,6,Perdida,Se fue con el proveedor de siempre,,0.0,0.0,0.0,30
Q-00317,Empresa C-0567,Salud,Evento corporativo,2024-04-15,2024-05-01,2919000.0,17,Ganada,,,2780000.0,2178000.0,111000.0,45
Q-00318,Empresa C-0361,Consumo masivo,Regalos de fin de año,2024-04-20,2024-06-02,2232000.0,14,Perdida,Precio,,0.0,0.0,0.0,60
Q-00319,Empresa C-0003,Financiero,Cata privada,2024-04-20,2024-05-06,6391000.0,33,Perdida,Precio,,0.0,0.0,0.0,45
Q-00320,Empresa C-0639,Inmobiliario y construcción,Evento corporativo,2024-04-20,2024-05-05,6230000.0,38,Ganada,,,5933000.0,4687000.0,294000.0,60
Q-00321,Empresa C-0666,Automotriz,Regalos de fin de año,2024-04-21,2024-05-19,1728000.0,14,Perdida,Sin respuesta del cliente,,0.0,0.0,0.0,30
Q-00322,Empresa C-0018,Tecnología,Regalos de fin de año,2024-04-22,2024-05-03,1030000.0,8,Ganada,,,981000.0,751000.0,41000.0,45
Q-00323,Empresa C-0586,Gremios y asociaciones,Evento corporativo,2024-04-26,2024-05-08,8096000.0,62,Ganada,,,7710000.0,5892000.0,226000.0,30
Q-00324,Empresa C-0501,Financiero,Regalos de fin de año,2024-04-26,2024-06-01,9643000.0,63,Ganada,,,9184000.0,7111000.0,406000.0,60
Q-00325,Empresa C-0214,Gremios y asociaciones,Obsequios a clientes,2024-04-27,2024-05-27,1985000.0,11,Ganada,,,1890000.0,1486000.0,76000.0,30
Q-00326,Empresa C-0051,Energía y minería,Regalos de fin de año,2024-04-30,2024-06-11,2889000.0,19,Perdida,Sin respuesta del cliente,,0.0,0.0,0.0,90
Q-00327,Empresa C-0475,Salud,Regalos de fin de año,2024-05-04,2024-05-23,1987000.0,12,Perdida,Precio,,0.0,0.0,0.0,45
Q-00328,Empresa C-0600,Consumo masivo,Regalos de fin de año,2024-05-05,2024-05-22,2998000.0,24,Ganada,,,2855000.0,2232000.0,114000.0,30
Q-00329,Empresa C-0639,Tecnología,Obsequios a clientes,2024-05-06,2024-06-13,15440000.0,97,Perdida,Precio,,0.0,0.0,0.0,60
Q-00330,Empresa C-0247,Tecnología,Regalos de fin de año,2024-05-06,2024-05-18,624000.0,4,Perdida,Sin respuesta del cliente,,0.0,0.0,0.0,30
Q-00331,Empresa C-0023,Salud,Evento corporativo,2024-05-12,2024-05-27,891000.0,5,Ganada,,,849000.0,687000.0,37000.0,45
Q-00332,Empresa C-0208,Tecnología,Regalos de fin de año,2024-05-13,2024-06-01,5601000.0,29,Perdida,Precio,,0.0,0.0,0.0,60
Q-00333,Empresa C-0109,Consumo masivo,Boda o celebración privada,2024-05-15,2024-06-27,5570000.0,33,Ganada,,,5305000.0,4091000.0,180000.0,45
Q-00334,Empresa C-0037,Consultoría y legal,Regalos de fin de año,2024-05-16,2024-06-11,1504000.0,10,Perdida,Precio,,0.0,0.0,0.0,60
Q-00335,Empresa C-0214,Automotriz,Regalos de fin de año,2024-05-18,2024-06-13,1602000.0,9,Perdida,Precio,,0.0,0.0,0.0,30
Q-00336,Empresa C-0445,Salud,Cata privada,2024-05-18,2024-06-02,6362000.0,38,Ganada,,,6059000.0,4714000.0,225000.0,60
Q-00337,Empresa C-0404,Financiero,Obsequios a clientes,2024-05-19,2024-06-03,4343000.0,32,Ganada,,,4136000.0,3195000.0,176000.0,45
Q-00338,Empresa C-0569,Educación,Boda o celebración privada,2024-05-21,2024-07-04,11989000.0,77,Ganada,,,11418000.0,8509000.0,331000.0,60
Q-00339,Empresa C-0305,Automotriz,Cata privada,2024-05-22,2024-06-19,11604000.0,63,Ganada,,,11051000.0,8503000.0,536000.0,45
Q-00340,Empresa C-0065,Financiero,Regalos de fin de año,2024-05-22,2024-06-24,1442000.0,9,Perdida,Se fue con el proveedor de siempre,,0.0,0.0,0.0,45
Q-00341,Empresa C-0037,Automotriz,Boda o celebración privada,2024-05-29,2024-06-13,8051000.0,67,Ganada,,,7668000.0,6001000.0,232000.0,30
Q-00342,Empresa C-0174,Tecnología,Regalos de fin de año,2024-06-02,2024-07-02,732000.0,4,Perdida,Precio,,0.0,0.0,0.0,90
Q-00343,Empresa C-0249,Automotriz,Regalos de fin de año,2024-06-03,2024-07-05,1020000.0,7,Perdida,Sin respuesta del cliente,,0.0,0.0,0.0,60
Q-00344,Empresa C-0075,Financiero,Boda o celebración privada,2024-06-09,2024-06-27,4267000.0,28,Ganada,,,4064000.0,3271000.0,178000.0,90
Q-00345,Empresa C-0543,Consultoría y legal,Regalos de fin de año,2024-06-17,2024-07-22,2302000.0,13,Ganada,,,2192000.0,1720000.0,64000.0,60
Q-00346,Empresa C-0632,Financiero,Evento corporativo,2024-06-18,2024-07-23,2751000.0,14,Perdida,Sin respuesta del cliente,,0.0,0.0,0.0,90
Q-00347,Empresa C-0006,Automotriz,Regalos de fin de año,2024-06-20,2024-07-27,4908000.0,30,Ganada,,,4674000.0,3669000.0,192000.0,60
Q-00348,Empresa C-0081,Financiero,Regalos de fin de año,2024-06-20,2024-11-01,5480000.0,33,Ganada,,,5219000.0,3937000.0,252000.0,60
Q-00349,Empresa C-0001,Automotriz,Regalos de fin de año,2024-06-20,2024-07-27,1930000.0,13,Ganada,,,1838000.0,1423000.0,63000.0,30
Q-00350,Empresa C-0022,Consultoría y legal,Regalos de fin de año,2024-06-26,2024-08-09,6407000.0,40,Ganada,,,6102000.0,4883000.0,156000.0,45
Q-00351,Empresa C-0165,Salud,Regalos de fin de año,2024-06-28,2024-11-08,12127000.0,60,Perdida,Se fue con el proveedor de siempre,,0.0,0.0,0.0,30
Q-00352,Empresa C-0206,Consumo masivo,Cata privada,2024-07-02,2024-08-06,2476000.0,13,Ganada,,,2358000.0,1822000.0,91000.0,45
Q-00353,Empresa C-0458,Consumo masivo,Regalos de fin de año,2024-07-03,2024-11-20,2049000.0,12,Perdida,Precio,,0.0,0.0,0.0,60
Q-00354,Empresa C-0001,Salud,Regalos de fin de año,2024-07-03,2024-11-08,6232000.0,39,Ganada,,,5935000.0,4732000.0,278000.0,60
Q-00355,Empresa C-0032,Inmobiliario y construcción,Boda o celebración privada,2024-07-04,2024-11-21,6758000.0,44,Ganada,,,6436000.0,4897000.0,286000.0,60
Q-00356,Empresa C-0187,Inmobiliario y construcción,Regalos de fin de año,2024-07-05,2024-08-17,2066000.0,14,Perdida,Tiempo de entrega,,0.0,0.0,0.0,30
Q-00357,Empresa C-0204,Automotriz,Regalos de fin de año,2024-07-05,2024-07-25,12382000.0,98,Perdida,Precio,,0.0,0.0,0.0,30
Q-00358,Empresa C-0076,Financiero,Regalos de fin de año,2024-07-07,2024-12-03,6996000.0,39,Ganada,,,6663000.0,5313000.0,181000.0,90
Q-00359,Empresa C-0008,Financiero,Obsequios a clientes,2024-07-07,2024-08-12,14311000.0,87,Ganada,,,13630000.0,10893000.0,388000.0,90
Q-00360,Empresa C-0541,Gremios y asociaciones,Regalos de fin de año,2024-07-10,2024-11-08,4783000.0,34,Ganada,,,4555000.0,3639000.0,149000.0,30
Q-00361,Empresa C-0067,Educación,Regalos de fin de año,2024-07-10,2024-08-04,4211000.0,20,Perdida,Precio,,0.0,0.0,0.0,60
Q-00362,Empresa C-0239,Gremios y asociaciones,Regalos de fin de año,2024-07-12,2024-11-22,13151000.0,85,Ganada,,,12525000.0,9396000.0,442000.0,45
Q-00363,Empresa C-0123,Salud,Cata privada,2024-07-12,2024-07-25,3463000.0,19,Ganada,,,3298000.0,2583000.0,136000.0,60
Q-00364,Empresa C-0009,Salud,Regalos de fin de año,2024-07-14,2024-11-27,1792000.0,14,Ganada,,,1707000.0,1283000.0,60000.0,45
Q-00365,Empresa C-0183,Financiero,Regalos de fin de año,2024-07-15,2024-12-06,2634000.0,15,Perdida,Sin respuesta del cliente,,0.0,0.0,0.0,45
Q-00366,Empresa C-0001,Consultoría y legal,Evento corporativo,2024-07-17,2024-12-08,3174000.0,22,Perdida,Se fue con el proveedor de siempre,,0.0,0.0,0.0,60
Q-00367,Empresa C-0122,Financiero,Regalos de fin de año,2024-07-20,2024-12-03,2051000.0,10,Perdida,Sin respuesta del cliente,,0.0,0.0,0.0,30
Q-00368,Empresa C-0099,Tecnología,Regalos de fin de año,2024-07-20,2024-12-05,1932000.0,10,Perdida,Tiempo de entrega,,0.0,0.0,0.0,60
Q-00369,Empresa C-0270,Consumo masivo,Regalos de fin de año,2024-07-23,2024-08-15,3317000.0,22,Perdida,Precio,,0.0,0.0,0.0,90
Q-00370,Empresa C-0322,Tecnología,Boda o celebración privada,2024-07-23,2024-08-17,5476000.0,35,Perdida,Se fue con el proveedor de siempre,,0.0,0.0,0.0,30
Q-00371,Empresa C-0501,Financiero,Regalos de fin de año,2024-07-23,2024-12-03,1019000.0,7,Ganada,,,970000.0,778000.0,29000.0,45
Q-00372,Empresa C-0484,Financiero,Boda o celebración privada,2024-07-23,2024-09-01,3552000.0,29,Perdida,Precio,,0.0,0.0,0.0,90
Q-00373,Empresa C-0290,Salud,Regalos de fin de año,2024-07-24,2024-11-26,3713000.0,30,Perdida,Tiempo de entrega,,0.0,0.0,0.0,30
Q-00374,Empresa C-0001,Financiero,Obsequios a clientes,2024-07-24,2024-12-17,1346000.0,9,Perdida,Precio,,0.0,0.0,0.0,90
Q-00375,Empresa C-0439,Automotriz,Regalos de fin de año,2024-07-25,2024-12-12,1649000.0,10,Perdida,Sin respuesta del cliente,,0.0,0.0,0.0,60
Q-00376,Empresa C-0003,Inmobiliario y construcción,Regalos de fin de año,2024-07-26,2024-11-16,7022000.0,41,Perdida,Precio,,0.0,0.0,0.0,45
Q-00377,Empresa C-0044,Automotriz,Regalos de fin de año,2024-07-27,2024-12-01,706000.0,4,Perdida,Precio,,0.0,0.0,0.0,60
Q-00378,Empresa C-0398,Consumo masivo,Evento corporativo,2024-07-27,2024-12-18,1751000.0,11,Perdida,Sin respuesta del cliente,,0.0,0.0,0.0,30
Q-00379,Empresa C-0031,Inmobiliario y construcción,Obsequios a clientes,2024-07-27,2024-08-16,786000.0,4,Perdida,Precio,,0.0,0.0,0.0,90
Q-00380,Empresa C-0024,Financiero,Boda o celebración privada,2024-07-29,2024-12-19,600000.0,4,Perdida,Tiempo de entrega,,0.0,0.0,0.0,60
Q-00381,Empresa C-0581,Tecnología,Regalos de fin de año,2024-07-29,2024-11-08,620000.0,4,Perdida,Precio,,0.0,0.0,0.0,45
Q-00382,Empresa C-0030,Tecnología,Obsequios a clientes,2024-07-29,2024-09-04,2870000.0,19,Ganada,,,2733000.0,2187000.0,98000.0,60
Q-00383,Empresa C-0659,Inmobiliario y construcción,Boda o celebración privada,2024-07-31,2024-12-03,13967000.0,79,Ganada,,,13302000.0,10763000.0,542000.0,45
Q-00384,Empresa C-0009,Energía y minería,Cata privada,2024-07-31,2024-08-18,3205000.0,20,Perdida,Se fue con el proveedor de siempre,,0.0,0.0,0.0,45
Q-00385,Empresa C-0002,Energía y minería,Regalos de fin de año,2024-08-01,2024-12-05,1361000.0,8,Ganada,,,1296000.0,1030000.0,35000.0,60
Q-00386,Empresa C-0019,Salud,Regalos de fin de año,2024-08-01,2024-12-14,600000.0,4,Ganada,,,571000.0,425000.0,21000.0,45
Q-00387,Empresa C-0020,Energía y minería,Regalos de fin de año,2024-08-02,2024-12-15,77666000.0,469,Ganada,,,73968000.0,54963000.0,3577000.0,30
Q-00388,Empresa C-0101,Automotriz,Evento corporativo,2024-08-04,2024-08-26,6077000.0,32,Perdida,Precio,,0.0,0.0,0.0,30
Q-00389,Empresa C-0008,Salud,Obsequios a clientes,2024-08-05,2024-09-15,7847000.0,44,Perdida,Tiempo de entrega,,0.0,0.0,0.0,90
Q-00390,Empresa C-0319,Consumo masivo,Regalos de fin de año,2024-08-06,2024-12-10,2867000.0,23,Ganada,,,2730000.0,2117000.0,122000.0,30
Q-00391,Empresa C-0142,Tecnología,Regalos de fin de año,2024-08-07,2024-11-12,6694000.0,39,Ganada,,,6375000.0,5008000.0,280000.0,60
Q-00392,Empresa C-0095,Financiero,Regalos de fin de año,2024-08-07,2024-12-18,7012000.0,49,Perdida,Precio,,0.0,0.0,0.0,30
Q-00393,Empresa C-0398,Consultoría y legal,Regalos de fin de año,2024-08-07,2024-12-02,2633000.0,14,Perdida,Precio,,0.0,0.0,0.0,60
Q-00394,Empresa C-0008,Tecnología,Regalos de fin de año,2024-08-08,2024-08-27,4536000.0,22,Ganada,,,4320000.0,3424000.0,138000.0,45
Q-00395,Empresa C-0026,Energía y minería,Cata privada,2024-08-09,2024-09-18,4234000.0,22,Ganada,,,4032000.0,3088000.0,122000.0,60
Q-00396,Empresa C-0069,Automotriz,Regalos de fin de año,2024-08-10,2024-09-23,1201000.0,8,Perdida,Precio,,0.0,0.0,0.0,60
Q-00397,Empresa C-0233,Financiero,Regalos de fin de año,2024-08-10,2024-12-08,7772000.0,39,Ganada,,,7402000.0,5541000.0,306000.0,60
Q-00398,Empresa C-0238,Financiero,Boda o celebración privada,2024-08-12,2024-09-21,2318000.0,12,Ganada,,,2208000.0,1649000.0,74000.0,45
Q-00399,Empresa C-0670,Energía y minería,Regalos de fin de año,2024-08-13,2024-11-25,4258000.0,24,Ganada,,,4055000.0,3017000.0,115000.0,60
Q-00400,Empresa C-0012,Financiero,Boda o celebración privada,2024-08-13,2024-09-05,1072000.0,6,Ganada,,,1021000.0,814000.0,37000.0,30
Q-00401,Empresa C-0255,Salud,Regalos de fin de año,2024-08-13,2024-09-01,16591000.0,87,Ganada,,,15801000.0,12442000.0,625000.0,60
Q-00402,Empresa C-0164,Tecnología,Regalos de fin de año,2024-08-14,2024-12-06,1421000.0,9,Perdida,Se fue con el proveedor de siempre,,0.0,0.0,0.0,30
Q-00403,Empresa C-0577,Financiero,Regalos de fin de año,2024-08-14,2024-12-14,9108000.0,50,Ganada,,,8674000.0,6929000.0,263000.0,60
Q-00404,Empresa C-0401,Financiero,Regalos de fin de año,2024-08-15,2024-11-18,8807000.0,46,Perdida,Sin respuesta del cliente,,0.0,0.0,0.0,60
Q-00405,Empresa C-0270,Financiero,Regalos de fin de año,2024-08-15,2024-09-03,25199000.0,146,Ganada,,,23999000.0,18372000.0,949000.0,45
Q-00406,Empresa C-0013,Inmobiliario y construcción,Regalos de fin de año,2024-08-15,2024-12-11,7545000.0,52,Perdida,Sin respuesta del cliente,,0.0,0.0,0.0,45
Q-00407,Empresa C-0130,Financiero,Cata privada,2024-08-16,2024-09-06,1884000.0,10,Ganada,,,1794000.0,1329000.0,68000.0,60
Q-00408,Empresa C-0195,Educación,Boda o celebración privada,2024-08-17,2024-12-04,3676000.0,20,Ganada,,,3501000.0,2622000.0,132000.0,45
Q-00409,Empresa C-0148,Financiero,Regalos de fin de año,2024-08-18,2024-11-13,643000.0,4,Ganada,,,612000.0,464000.0,21000.0,45
Q-00410,Empresa C-0083,Tecnología,Regalos de fin de año,2024-08-20,2024-11-16,2342000.0,11,Perdida,Se fue con el proveedor de siempre,,0.0,0.0,0.0,45
Q-00411,Empresa C-0056,Automotriz,Regalos de fin de año,2024-08-20,2024-10-01,600000.0,4,Perdida,Se fue con el proveedor de siempre,,0.0,0.0,0.0,60
Q-00412,Empresa C-0016,Salud,Evento corporativo,2024-08-20,2024-09-11,10965000.0,82,Perdida,Se fue con el proveedor de siempre,,0.0,0.0,0.0,60
Q-00413,Empresa C-0035,Tecnología,Regalos de fin de año,2024-08-20,2024-10-01,2806000.0,13,Ganada,,,2672000.0,2011000.0,116000.0,60
Q-00414,Empresa C-0611,Automotriz,Regalos de fin de año,2024-08-22,2024-09-03,2189000.0,12,Perdida,Precio,,0.0,0.0,0.0,60
Q-00415,Empresa C-0075,Financiero,Regalos de fin de año,2024-08-22,2024-12-04,18122000.0,116,Perdida,Precio,,0.0,0.0,0.0,60
Q-00416,Empresa C-0628,Automotriz,Regalos de fin de año,2024-08-23,2024-09-22,2713000.0,15,Perdida,Tiempo de entrega,,0.0,0.0,0.0,30
Q-00417,Empresa C-0143,Financiero,Regalos de fin de año,2024-08-24,2024-12-16,2621000.0,13,Perdida,Se fue con el proveedor de siempre,,0.0,0.0,0.0,45
Q-00418,Empresa C-0002,Salud,Regalos de fin de año,2024-08-25,2024-10-03,6543000.0,32,Perdida,Se fue con el proveedor de siempre,,0.0,0.0,0.0,30
Q-00419,Empresa C-0107,Energía y minería,Regalos de fin de año,2024-08-25,2024-11-16,55022000.0,454,Ganada,,,52402000.0,40225000.0,2413000.0,30
Q-00420,Empresa C-0131,Tecnología,Boda o celebración privada,2024-08-26,2024-10-09,10684000.0,67,Perdida,Se fue con el proveedor de siempre,,0.0,0.0,0.0,90
Q-00421,Empresa C-0056,Energía y minería,Regalos de fin de año,2024-08-27,2024-12-19,3720000.0,24,Perdida,Sin respuesta del cliente,,0.0,0.0,0.0,60
Q-00422,Empresa C-0633,Tecnología,Regalos de fin de año,2024-08-27,2024-09-19,1856000.0,10,Perdida,Se fue con el proveedor de siempre,,0.0,0.0,0.0,60
Q-00423,Empresa C-0149,Gremios y asociaciones,Regalos de fin de año,2024-08-28,2024-09-22,1611000.0,10,Perdida,Se fue con el proveedor de siempre,,0.0,0.0,0.0,30
Q-00424,Empresa C-0016,Tecnología,Cata privada,2024-08-28,2024-09-12,3858000.0,26,Perdida,Precio,,0.0,0.0,0.0,60
Q-00425,Empresa C-0503,Tecnología,Cata privada,2024-08-29,2024-09-23,2436000.0,14,Perdida,Sin respuesta del cliente,,0.0,0.0,0.0,60
Q-00426,Empresa C-0001,Inmobiliario y construcción,Regalos de fin de año,2024-08-29,2024-12-19,2833000.0,14,Perdida,Se fue con el proveedor de siempre,,0.0,0.0,0.0,30
Q-00427,Empresa C-0002,Financiero,Obsequios a clientes,2024-08-29,2024-10-12,823000.0,4,Perdida,Precio,,0.0,0.0,0.0,60
Q-00428,Empresa C-0171,Automotriz,Regalos de fin de año,2024-08-29,2024-12-12,5487000.0,38,Ganada,,,5226000.0,4138000.0,226000.0,45
Q-00429,Empresa C-0173,Salud,Evento corporativo,2024-08-30,2024-12-15,2254000.0,18,Perdida,Precio,,0.0,0.0,0.0,60
Q-00430,Empresa C-0121,Tecnología,Cata privada,2024-08-30,2024-10-07,3251000.0,22,Perdida,Cobertura fuera de Bogotá,,0.0,0.0,0.0,90
Q-00431,Empresa C-0328,Salud,Obsequios a clientes,2024-08-30,2024-09-18,5736000.0,31,Perdida,Se fue con el proveedor de siempre,,0.0,0.0,0.0,45
Q-00432,Empresa C-0335,Energía y minería,Boda o celebración privada,2024-08-31,2024-12-18,5762000.0,45,Ganada,,,5488000.0,4215000.0,153000.0,45
Q-00433,Empresa C-0045,Financiero,Regalos de fin de año,2024-08-31,2024-10-09,2243000.0,11,Perdida,Tiempo de entrega,,0.0,0.0,0.0,30
Q-00434,Empresa C-0158,Financiero,Regalos de fin de año,2024-09-01,2024-12-14,6791000.0,47,Ganada,,,6468000.0,4923000.0,209000.0,45
Q-00435,Empresa C-0006,Financiero,Evento corporativo,2024-09-01,2024-09-13,5204000.0,28,Perdida,Precio,,0.0,0.0,0.0,60
Q-00436,Empresa C-0001,Financiero,Regalos de fin de año,2024-09-03,2024-11-04,6328000.0,44,Ganada,,,6027000.0,4522000.0,271000.0,30
Q-00437,Empresa C-0475,Automotriz,Evento corporativo,2024-09-03,2024-09-27,7124000.0,47,Perdida,Tiempo de entrega,,0.0,0.0,0.0,90
Q-00438,Empresa C-0418,Consultoría y legal,Boda o celebración privada,2024-09-03,2024-10-03,600000.0,4,Perdida,Cobertura fuera de Bogotá,,0.0,0.0,0.0,30
Q-00439,Empresa C-0011,Financiero,Boda o celebración privada,2024-09-04,2024-09-14,5540000.0,44,Perdida,Sin respuesta del cliente,,0.0,0.0,0.0,60
Q-00440,Empresa C-0001,Tecnología,Boda o celebración privada,2024-09-04,2024-10-14,3992000.0,32,Perdida,Sin respuesta del cliente,,0.0,0.0,0.0,60
Q-00441,Empresa C-0588,Consultoría y legal,Regalos de fin de año,2024-09-05,2024-12-16,1469000.0,8,Perdida,Precio,,0.0,0.0,0.0,30
Q-00442,Empresa C-0205,Tecnología,Obsequios a clientes,2024-09-07,2024-10-11,4354000.0,22,Ganada,,,4147000.0,3289000.0,182000.0,30
Q-00443,Empresa C-0001,Educación,Obsequios a clientes,2024-09-07,2024-10-21,3581000.0,30,Ganada,,,3410000.0,2657000.0,86000.0,30
Q-00444,Empresa C-0010,Tecnología,Regalos de fin de año,2024-09-08,2024-10-13,3497000.0,24,Perdida,Se fue con el proveedor de siempre,,0.0,0.0,0.0,30
Q-00445,Empresa C-0061,Salud,Evento corporativo,2024-09-08,2024-11-01,1422000.0,7,Ganada,,,1354000.0,1093000.0,37000.0,60
Q-00446,Empresa C-0056,Consumo masivo,Regalos de fin de año,2024-09-08,2024-10-12,2384000.0,13,Ganada,,,2270000.0,1825000.0,77000.0,30
Q-00447,Empresa C-0099,Financiero,Regalos de fin de año,2024-09-09,2024-11-23,1147000.0,7,Ganada,,,1092000.0,836000.0,37000.0,30
Q-00448,Empresa C-0008,Financiero,Obsequios a clientes,2024-09-09,2024-12-20,5098000.0,31,Perdida,Tiempo de entrega,,0.0,0.0,0.0,45
Q-00449,Empresa C-0336,Educación,Obsequios a clientes,2024-09-10,2024-12-10,3681000.0,29,Perdida,Precio,,0.0,0.0,0.0,30
Q-00450,Empresa C-0008,Salud,Evento corporativo,2024-09-12,2024-12-19,3339000.0,17,Perdida,Sin respuesta del cliente,,0.0,0.0,0.0,45
Q-00451,Empresa C-0036,Inmobiliario y construcción,Obsequios a clientes,2024-09-12,2024-10-16,7774000.0,40,Ganada,,,7404000.0,5802000.0,303000.0,45
Q-00452,Empresa C-0097,Automotriz,Regalos de fin de año,2024-09-12,2024-11-08,7758000.0,52,Ganada,,,7389000.0,5907000.0,338000.0,60
Q-00453,Empresa C-0001,Salud,Regalos de fin de año,2024-09-13,2024-10-12,1077000.0,8,Ganada,,,1026000.0,767000.0,35000.0,45
Q-00454,Empresa C-0038,Consultoría y legal,Evento corporativo,2024-09-13,2024-10-19,2877000.0,23,Perdida,Precio,,0.0,0.0,0.0,30
Q-00455,Empresa C-0398,Educación,Evento corporativo,2024-09-13,2024-12-14,2925000.0,16,Ganada,,,2786000.0,2206000.0,122000.0,45
Q-00456,Empresa C-0001,Consumo masivo,Evento corporativo,2024-09-14,2024-10-02,3562000.0,18,Ganada,,,3392000.0,2640000.0,128000.0,30
Q-00457,Empresa C-0424,Inmobiliario y construcción,Obsequios a clientes,2024-09-14,2024-12-02,1747000.0,10,Perdida,Precio,,0.0,0.0,0.0,45
Q-00458,Empresa C-0009,Salud,Regalos de fin de año,2024-09-14,2024-12-08,2882000.0,15,Perdida,Precio,,0.0,0.0,0.0,30
Q-00459,Empresa C-0364,Financiero,Regalos de fin de año,2024-09-14,2024-12-08,4006000.0,24,Perdida,Tiempo de entrega,,0.0,0.0,0.0,45
Q-00460,Empresa C-0097,Financiero,Regalos de fin de año,2024-09-16,2024-10-22,3959000.0,29,Perdida,Precio,,0.0,0.0,0.0,60
Q-00461,Empresa C-0199,Automotriz,Regalos de fin de año,2024-09-16,2024-10-07,3130000.0,16,Perdida,Precio,,0.0,0.0,0.0,60
Q-00462,Empresa C-0415,Automotriz,Regalos de fin de año,2024-09-16,2024-10-27,6123000.0,33,Perdida,Precio,,0.0,0.0,0.0,60
Q-00463,Empresa C-0597,Financiero,Regalos de fin de año,2024-09-17,2024-12-03,2564000.0,13,Ganada,,,2442000.0,1943000.0,66000.0,45
Q-00464,Empresa C-0226,Energía y minería,Regalos de fin de año,2024-09-17,2024-10-02,1061000.0,6,Ganada,,,1010000.0,753000.0,49000.0,45
Q-00465,Empresa C-0203,Salud,Regalos de fin de año,2024-09-18,2024-11-08,3180000.0,23,Perdida,Sin respuesta del cliente,,0.0,0.0,0.0,30
Q-00466,Empresa C-0404,Inmobiliario y construcción,Obsequios a clientes,2024-09-18,2024-10-03,9804000.0,57,Perdida,Precio,,0.0,0.0,0.0,60
Q-00467,Empresa C-0008,Inmobiliario y construcción,Regalos de fin de año,2024-09-18,2024-10-22,985000.0,8,Ganada,,,938000.0,755000.0,46000.0,45
Q-00468,Empresa C-0001,Automotriz,Regalos de fin de año,2024-09-18,2024-12-17,1913000.0,9,Ganada,,,1822000.0,1433000.0,70000.0,45
Q-00469,Empresa C-0002,Consumo masivo,Obsequios a clientes,2024-09-19,2024-10-02,600000.0,4,Perdida,Se fue con el proveedor de siempre,,0.0,0.0,0.0,30
Q-00470,Empresa C-0432,Salud,Regalos de fin de año,2024-09-19,2024-12-12,5107000.0,33,Perdida,Precio,,0.0,0.0,0.0,45
Q-00471,Empresa C-0093,Inmobiliario y construcción,Obsequios a clientes,2024-09-20,2024-10-13,1040000.0,5,Ganada,,,990000.0,795000.0,46000.0,45
Q-00472,Empresa C-0001,Consumo masivo,Regalos de fin de año,2024-09-20,2024-12-19,600000.0,5,Perdida,Precio,,0.0,0.0,0.0,45
Q-00473,Empresa C-0019,Financiero,Evento corporativo,2024-09-21,2024-10-25,1303000.0,8,Perdida,Cobertura fuera de Bogotá,,0.0,0.0,0.0,60
Q-00474,Empresa C-0033,Tecnología,Regalos de fin de año,2024-09-21,2024-10-13,9644000.0,62,Perdida,Precio,,0.0,0.0,0.0,30
Q-00475,Empresa C-0610,Salud,Regalos de fin de año,2024-09-21,2024-12-17,1794000.0,13,Perdida,Tiempo de entrega,,0.0,0.0,0.0,60
Q-00476,Empresa C-0026,Inmobiliario y construcción,Obsequios a clientes,2024-09-21,2024-10-24,1246000.0,8,Ganada,,,1187000.0,900000.0,45000.0,30
Q-00477,Empresa C-0103,Energía y minería,Regalos de fin de año,2024-09-22,2024-12-01,5922000.0,41,Ganada,,,5640000.0,4476000.0,166000.0,45
Q-00478,Empresa C-0063,Consumo masivo,Regalos de fin de año,2024-09-24,2024-12-14,1711000.0,10,Ganada,,,1630000.0,1312000.0,52000.0,45
Q-00479,Empresa C-0068,Tecnología,Evento corporativo,2024-09-24,2024-10-19,4372000.0,26,Perdida,Tiempo de entrega,,0.0,0.0,0.0,30
Q-00480,Empresa C-0037,Consultoría y legal,Boda o celebración privada,2024-09-25,2024-10-20,3394000.0,25,Perdida,Cobertura fuera de Bogotá,,0.0,0.0,0.0,30
Q-00481,Empresa C-0005,Financiero,Regalos de fin de año,2024-09-25,2024-12-07,1054000.0,8,Perdida,Precio,,0.0,0.0,0.0,60
Q-00482,Empresa C-0023,Consumo masivo,Regalos de fin de año,2024-09-25,2024-11-06,600000.0,4,Ganada,,,571000.0,434000.0,22000.0,30
Q-00483,Empresa C-0392,Automotriz,Evento corporativo,2024-09-26,2024-10-16,5797000.0,32,Ganada,,,5521000.0,4351000.0,245000.0,30
Q-00484,Empresa C-0201,Financiero,Regalos de fin de año,2024-09-26,2024-10-18,1900000.0,9,Perdida,Se fue con el proveedor de siempre,,0.0,0.0,0.0,90
Q-00485,Empresa C-0114,Consultoría y legal,Regalos de fin de año,2024-09-27,2024-10-08,2327000.0,14,Perdida,Precio,,0.0,0.0,0.0,60
Q-00486,Empresa C-0158,Gremios y asociaciones,Evento corporativo,2024-09-28,2024-12-18,2957000.0,20,Perdida,Se fue con el proveedor de siempre,,0.0,0.0,0.0,45
Q-00487,Empresa C-0013,Inmobiliario y construcción,Obsequios a clientes,2024-09-28,2024-10-23,10117000.0,73,Perdida,Precio,,0.0,0.0,0.0,45
Q-00488,Empresa C-0433,Inmobiliario y construcción,Regalos de fin de año,2024-09-28,2024-12-10,3585000.0,28,Ganada,,,3414000.0,2650000.0,143000.0,45
Q-00489,Empresa C-0012,Energía y minería,Regalos de fin de año,2024-09-28,2024-10-12,4000000.0,20,Perdida,Tiempo de entrega,,0.0,0.0,0.0,45
Q-00490,Empresa C-0002,Tecnología,Cata privada,2024-09-29,2024-10-24,6421000.0,46,Perdida,Precio,,0.0,0.0,0.0,90
Q-00491,Empresa C-0157,Financiero,Regalos de fin de año,2024-09-30,2024-11-17,3288000.0,18,Ganada,,,3131000.0,2330000.0,148000.0,30
Q-00492,Empresa C-0009,Consultoría y legal,Cata privada,2024-10-01,2024-10-25,3805000.0,20,Perdida,Se fue con el proveedor de siempre,,0.0,0.0,0.0,30
Q-00493,Empresa C-0170,Automotriz,Regalos de fin de año,2024-10-01,2024-10-25,3428000.0,26,Perdida,Sin respuesta del cliente,,0.0,0.0,0.0,60
Q-00494,Empresa C-0653,Tecnología,Boda o celebración privada,2024-10-02,2024-12-18,1198000.0,6,Perdida,Precio,,0.0,0.0,0.0,45
Q-00495,Empresa C-0201,Consultoría y legal,Evento corporativo,2024-10-03,2024-12-14,9978000.0,67,Perdida,Se fue con el proveedor de siempre,,0.0,0.0,0.0,45
Q-00496,Empresa C-0227,Financiero,Regalos de fin de año,2024-10-03,2024-11-05,3086000.0,16,Ganada,,,2939000.0,2196000.0,140000.0,60
Q-00497,Empresa C-0190,Salud,Regalos de fin de año,2024-10-04,2024-12-20,2009000.0,11,Perdida,Tiempo de entrega,,0.0,0.0,0.0,45
Q-00498,Empresa C-0003,Consumo masivo,Evento corporativo,2024-10-04,2024-12-07,1856000.0,9,Ganada,,,1768000.0,1346000.0,66000.0,60
Q-00499,Empresa C-0065,Financiero,Regalos de fin de año,2024-10-05,2024-10-15,4413000.0,25,Perdida,Tiempo de entrega,,0.0,0.0,0.0,45
Q-00500,Empresa C-0210,Inmobiliario y construcción,Regalos de fin de año,2024-10-06,2024-12-14,600000.0,4,Ganada,,,571000.0,447000.0,26000.0,30
Q-00501,Empresa C-0298,Inmobiliario y construcción,Regalos de fin de año,2024-10-06,2024-11-07,2300000.0,12,Perdida,Sin respuesta del cliente,,0.0,0.0,0.0,45
Q-00502,Empresa C-0059,Tecnología,Obsequios a clientes,2024-10-06,2024-10-17,1734000.0,10,Perdida,Precio,,0.0,0.0,0.0,45
Q-00503,Empresa C-0409,Consumo masivo,Evento corporativo,2024-10-07,2024-12-03,2984000.0,22,Ganada,,,2842000.0,2190000.0,127000.0,60
Q-00504,Empresa C-0141,Consultoría y legal,Cata privada,2024-10-07,2024-10-21,4668000.0,29,Perdida,Tiempo de entrega,,0.0,0.0,0.0,90
Q-00505,Empresa C-0499,Inmobiliario y construcción,Evento corporativo,2024-10-08,2024-10-25,5674000.0,45,Ganada,,,5404000.0,4252000.0,212000.0,60
Q-00506,Empresa C-0003,Consultoría y legal,Regalos de fin de año,2024-10-08,2024-12-10,4411000.0,23,Ganada,,,4201000.0,3160000.0,169000.0,45
Q-00507,Empresa C-0484,Tecnología,Regalos de fin de año,2024-10-13,2024-10-27,4433000.0,32,Perdida,Precio,,0.0,0.0,0.0,45
Q-00508,Empresa C-0056,Automotriz,Regalos de fin de año,2024-10-15,2024-12-06,5762000.0,28,Perdida,Precio,,0.0,0.0,0.0,45
Q-00509,Empresa C-0004,Inmobiliario y construcción,Regalos de fin de año,2024-10-19,2024-12-15,6122000.0,39,Perdida,Tiempo de entrega,,0.0,0.0,0.0,60
Q-00510,Empresa C-0445,Tecnología,Regalos de fin de año,2024-10-19,2024-12-20,6781000.0,36,Ganada,,,6458000.0,4867000.0,260000.0,30
Q-00511,Empresa C-0444,Consultoría y legal,Evento corporativo,2024-10-22,2024-12-13,13979000.0,79,Ganada,,,13313000.0,10442000.0,467000.0,60
Q-00512,Empresa C-0020,Financiero,Obsequios a clientes,2024-10-22,2024-11-24,2127000.0,11,Perdida,Precio,,0.0,0.0,0.0,30
Q-00513,Empresa C-0003,Tecnología,Regalos de fin de año,2024-10-24,2024-12-17,10930000.0,80,Perdida,Precio,,0.0,0.0,0.0,45
Q-00514,Empresa C-0203,Energía y minería,Regalos de fin de año,2024-10-25,2024-12-06,2257000.0,18,Perdida,Precio,,0.0,0.0,0.0,90
Q-00515,Empresa C-0037,Financiero,Regalos de fin de año,2024-10-25,2024-12-19,4706000.0,24,Ganada,,,4482000.0,3407000.0,177000.0,45
Q-00516,Empresa C-0010,Energía y minería,Regalos de fin de año,2024-10-25,2024-12-02,3082000.0,24,Perdida,Sin respuesta del cliente,,0.0,0.0,0.0,45
Q-00517,Empresa C-0494,Financiero,Regalos de fin de año,2024-10-26,2024-12-06,1787000.0,10,Perdida,Tiempo de entrega,,0.0,0.0,0.0,45
Q-00518,Empresa C-0007,Consultoría y legal,Regalos de fin de año,2024-10-26,2024-12-03,8544000.0,67,Perdida,Precio,,0.0,0.0,0.0,45
Q-00519,Empresa C-0345,Financiero,Regalos de fin de año,2024-10-28,2024-12-09,1665000.0,8,Perdida,Precio,,0.0,0.0,0.0,60
Q-00520,Empresa C-0555,Inmobiliario y construcción,Regalos de fin de año,2024-10-28,2024-12-08,1160000.0,6,Ganada,,,1105000.0,842000.0,49000.0,60
Q-00521,Empresa C-0255,Tecnología,Regalos de fin de año,2024-10-31,2024-12-02,6183000.0,44,Ganada,,,5889000.0,4686000.0,207000.0,60
Q-00522,Empresa C-0047,Tecnología,Regalos de fin de año,2024-10-31,2024-12-08,1887000.0,10,Perdida,Se fue con el proveedor de siempre,,0.0,0.0,0.0,45
Q-00523,Empresa C-0021,Salud,Regalos de fin de año,2024-11-01,2024-12-18,16453000.0,93,Perdida,Precio,,0.0,0.0,0.0,30
Q-00524,Empresa C-0638,Automotriz,Regalos de fin de año,2024-11-02,2024-12-05,4801000.0,35,Perdida,Se fue con el proveedor de siempre,,0.0,0.0,0.0,60
Q-00525,Empresa C-0020,Financiero,Regalos de fin de año,2024-11-06,2024-12-02,2139000.0,12,Ganada,,,2037000.0,1612000.0,57000.0,45
Q-00526,Empresa C-0081,Salud,Regalos de fin de año,2024-11-08,2024-12-16,1423000.0,7,Perdida,Se fue con el proveedor de siempre,,0.0,0.0,0.0,45
Q-00527,Empresa C-0072,Financiero,Regalos de fin de año,2024-11-10,2024-12-15,6209000.0,50,Perdida,Precio,,0.0,0.0,0.0,45
Q-00528,Empresa C-0002,Consultoría y legal,Regalos de fin de año,2024-11-11,2024-12-10,20246000.0,101,Perdida,Cobertura fuera de Bogotá,,0.0,0.0,0.0,45
Q-00529,Empresa C-0197,Salud,Regalos de fin de año,2024-11-12,2024-12-11,3490000.0,29,Perdida,Precio,,0.0,0.0,0.0,90
Q-00530,Empresa C-0055,Inmobiliario y construcción,Boda o celebración privada,2024-12-02,2025-01-08,1511000.0,11,Ganada,,,1439000.0,1142000.0,59000.0,90
Q-00531,Empresa C-0001,Educación,Boda o celebración privada,2024-12-02,2025-01-15,5022000.0,24,Perdida,Tiempo de entrega,,0.0,0.0,0.0,60
Q-00532,Empresa C-0014,Consumo masivo,Obsequios a clientes,2024-12-06,2025-01-04,5223000.0,30,Perdida,Precio,,0.0,0.0,0.0,30
Q-00533,Empresa C-0286,Consumo masivo,Evento corporativo,2024-12-09,2025-01-09,5967000.0,37,Perdida,Se fue con el proveedor de siempre,,0.0,0.0,0.0,30
Q-00534,Empresa C-0603,Consultoría y legal,Regalos de fin de año,2024-12-13,2025-01-17,5424000.0,29,Ganada,,,5166000.0,3997000.0,247000.0,45
Q-00535,Empresa C-0058,Financiero,Regalos de fin de año,2024-12-14,2025-01-21,20337000.0,100,Ganada,,,19369000.0,14871000.0,806000.0,60
Q-00536,Empresa C-0008,Consultoría y legal,Evento corporativo,2024-12-15,2025-01-02,11270000.0,81,Perdida,Precio,,0.0,0.0,0.0,45
Q-00537,Empresa C-0004,Salud,Boda o celebración privada,2024-12-21,2025-01-05,2486000.0,15,Ganada,,,2368000.0,1761000.0,81000.0,60
Q-00538,Empresa C-0007,Financiero,Regalos de fin de año,2024-12-23,2025-01-27,13327000.0,67,Perdida,Precio,,0.0,0.0,0.0,90
Q-00539,Empresa C-0144,Financiero,Obsequios a clientes,2024-12-23,2025-01-09,9854000.0,61,Ganada,,,9385000.0,7598000.0,356000.0,30
Q-00540,Empresa C-0299,Consumo masivo,Cata privada,2024-12-23,2025-01-09,2174000.0,14,Perdida,Tiempo de entrega,,0.0,0.0,0.0,60
Q-00541,Empresa C-0313,Tecnología,Evento corporativo,2024-12-24,2025-01-15,4535000.0,25,Ganada,,,4319000.0,3264000.0,200000.0,45
Q-00542,Empresa C-0173,Salud,Regalos de fin de año,2024-12-25,2025-01-11,7312000.0,60,Perdida,Precio,,0.0,0.0,0.0,45
Q-00543,Empresa C-0229,Automotriz,Evento corporativo,2024-12-27,2025-01-13,9202000.0,55,Perdida,Sin respuesta del cliente,,0.0,0.0,0.0,60
Q-00544,Empresa C-0524,Energía y minería,Cata privada,2024-12-30,2025-01-23,26362000.0,176,Perdida,Tiempo de entrega,,0.0,0.0,0.0,60
Q-00545,Empresa C-0330,Consultoría y legal,Cata privada,2024-12-30,2025-01-11,9024000.0,52,Ganada,,,8594000.0,6876000.0,369000.0,45
Q-00546,Empresa C-0129,Consultoría y legal,Evento corporativo,2024-12-31,2025-02-09,1410000.0,7,Perdida,Se fue con el proveedor de siempre,,0.0,0.0,0.0,30
Q-00547,Empresa C-0504,Consumo masivo,Obsequios a clientes,2025-01-01,2025-01-22,779000.0,6,Perdida,Sin respuesta del cliente,,0.0,0.0,0.0,45
Q-00548,Empresa C-0345,Gremios y asociaciones,Obsequios a clientes,2025-01-04,2025-02-16,1577000.0,11,Ganada,,,1502000.0,1119000.0,67000.0,30
Q-00549,Empresa C-0159,Tecnología,Regalos de fin de año,2025-01-05,2025-01-18,4213000.0,21,Perdida,Se fue con el proveedor de siempre,,0.0,0.0,0.0,60
Q-00550,Empresa C-0010,Consultoría y legal,Cata privada,2025-01-07,2025-01-20,650000.0,4,Perdida,Sin respuesta del cliente,,0.0,0.0,0.0,60
Q-00551,Empresa C-0001,Educación,Regalos de fin de año,2025-01-10,2025-02-11,15681000.0,85,Perdida,Tiempo de entrega,,0.0,0.0,0.0,30
Q-00552,Empresa C-0043,Financiero,Boda o celebración privada,2025-01-10,2025-01-20,1092000.0,5,Ganada,,,1040000.0,792000.0,39000.0,60
Q-00553,Empresa C-0027,Consumo masivo,Boda o celebración privada,2025-01-10,2025-02-19,6712000.0,39,Perdida,Precio,,0.0,0.0,0.0,30
Q-00554,Empresa C-0411,Automotriz,Regalos de fin de año,2025-01-12,2025-02-01,3905000.0,19,Ganada,,,3719000.0,2807000.0,103000.0,45
Q-00555,Empresa C-0140,Financiero,Evento corporativo,2025-01-12,2025-02-22,5592000.0,28,Perdida,Precio,,0.0,0.0,0.0,60
Q-00556,Empresa C-0058,Tecnología,Regalos de fin de año,2025-01-13,2025-02-25,3990000.0,33,Perdida,Precio,,0.0,0.0,0.0,45
Q-00557,Empresa C-0039,Financiero,Obsequios a clientes,2025-01-14,2025-02-17,825000.0,4,Ganada,,,786000.0,604000.0,22000.0,45
Q-00558,Empresa C-0331,Tecnología,Regalos de fin de año,2025-01-14,2025-02-17,1523000.0,7,Perdida,Precio,,0.0,0.0,0.0,45
Q-00559,Empresa C-0093,Automotriz,Regalos de fin de año,2025-01-15,2025-02-12,925000.0,5,Ganada,,,881000.0,675000.0,32000.0,30
Q-00560,Empresa C-0001,Inmobiliario y construcción,Evento corporativo,2025-01-15,2025-02-25,4888000.0,26,Ganada,,,4655000.0,3713000.0,147000.0,60
Q-00561,Empresa C-0003,Financiero,Regalos de fin de año,2025-01-15,2025-02-20,1590000.0,9,Ganada,,,1514000.0,1185000.0,48000.0,30
Q-00562,Empresa C-0118,Inmobiliario y construcción,Evento corporativo,2025-01-18,2025-03-01,12650000.0,102,Perdida,Sin respuesta del cliente,,0.0,0.0,0.0,30
Q-00563,Empresa C-0674,Tecnología,Regalos de fin de año,2025-01-22,2025-03-07,8819000.0,49,Ganada,,,8399000.0,6344000.0,212000.0,60
Q-00564,Empresa C-0114,Financiero,Regalos de fin de año,2025-01-23,2025-02-15,7749000.0,47,Ganada,,,7380000.0,5734000.0,269000.0,60
Q-00565,Empresa C-0573,Automotriz,Cata privada,2025-01-23,2025-02-22,12496000.0,85,Ganada,,,11901000.0,9210000.0,338000.0,30
Q-00566,Empresa C-0633,Automotriz,Regalos de fin de año,2025-01-23,2025-03-05,7902000.0,60,Perdida,Precio,,0.0,0.0,0.0,60
Q-00567,Empresa C-0123,Tecnología,Regalos de fin de año,2025-01-24,2025-02-16,1363000.0,9,Ganada,,,1298000.0,989000.0,61000.0,45
Q-00568,Empresa C-0077,Financiero,Cata privada,2025-01-26,2025-03-09,2046000.0,12,Perdida,Tiempo de entrega,,0.0,0.0,0.0,30
Q-00569,Empresa C-0585,Consultoría y legal,Obsequios a clientes,2025-01-26,2025-02-10,893000.0,5,Ganada,,,850000.0,648000.0,29000.0,45
Q-00570,Empresa C-0001,Consultoría y legal,Cata privada,2025-01-28,2025-03-08,6025000.0,39,Perdida,Precio,,0.0,0.0,0.0,30
Q-00571,Empresa C-0082,Tecnología,Regalos de fin de año,2025-01-30,2025-03-13,2018000.0,11,Ganada,,,1922000.0,1469000.0,84000.0,45
Q-00572,Empresa C-0044,Automotriz,Evento corporativo,2025-01-31,2025-03-07,21662000.0,140,Perdida,Precio,,0.0,0.0,0.0,60
Q-00573,Empresa C-0654,Financiero,Regalos de fin de año,2025-02-02,2025-03-09,9409000.0,50,Perdida,Se fue con el proveedor de siempre,,0.0,0.0,0.0,60
Q-00574,Empresa C-0684,Financiero,Regalos de fin de año,2025-02-03,2025-03-06,7571000.0,41,Ganada,,,7210000.0,5658000.0,325000.0,30
Q-00575,Empresa C-0061,Financiero,Evento corporativo,2025-02-03,2025-02-20,5042000.0,29,Ganada,,,4802000.0,3643000.0,190000.0,30
Q-00576,Empresa C-0061,Consultoría y legal,Cata privada,2025-02-05,2025-03-11,4203000.0,20,Perdida,Sin respuesta del cliente,,0.0,0.0,0.0,60
Q-00577,Empresa C-0246,Gremios y asociaciones,Boda o celebración privada,2025-02-05,2025-02-19,5556000.0,36,Perdida,Precio,,0.0,0.0,0.0,45
Q-00578,Empresa C-0579,Consultoría y legal,Boda o celebración privada,2025-02-05,2025-03-17,3174000.0,22,Perdida,Tiempo de entrega,,0.0,0.0,0.0,60
Q-00579,Empresa C-0007,Financiero,Cata privada,2025-02-06,2025-03-07,2348000.0,12,Ganada,,,2236000.0,1770000.0,69000.0,45
Q-00580,Empresa C-0242,Automotriz,Boda o celebración privada,2025-02-07,2025-03-17,1478000.0,7,Perdida,Precio,,0.0,0.0,0.0,60
Q-00581,Empresa C-0051,Energía y minería,Regalos de fin de año,2025-02-09,2025-03-11,829000.0,4,Perdida,Se fue con el proveedor de siempre,,0.0,0.0,0.0,60
Q-00582,Empresa C-0138,Consumo masivo,Obsequios a clientes,2025-02-10,2025-03-25,2450000.0,14,Ganada,,,2333000.0,1821000.0,84000.0,45
Q-00583,Empresa C-0229,Automotriz,Regalos de fin de año,2025-02-11,2025-03-26,2314000.0,12,Ganada,,,2204000.0,1731000.0,73000.0,60
Q-00584,Empresa C-0002,Financiero,Obsequios a clientes,2025-02-13,2025-03-13,4202000.0,28,Ganada,,,4002000.0,3022000.0,191000.0,45
Q-00585,Empresa C-0151,Automotriz,Regalos de fin de año,2025-02-13,2025-03-17,2759000.0,18,Ganada,,,2628000.0,1989000.0,85000.0,90
Q-00586,Empresa C-0477,Financiero,Regalos de fin de año,2025-02-13,2025-03-17,1427000.0,8,Perdida,Precio,,0.0,0.0,0.0,45
Q-00587,Empresa C-0005,Tecnología,Regalos de fin de año,2025-02-14,2025-03-06,2896000.0,21,Ganada,,,2758000.0,2146000.0,107000.0,45
Q-00588,Empresa C-0591,Inmobiliario y construcción,Cata privada,2025-02-14,2025-03-22,2534000.0,15,Ganada,,,2413000.0,1948000.0,117000.0,30
Q-00589,Empresa C-0005,Consumo masivo,Regalos de fin de año,2025-02-15,2025-02-27,5072000.0,27,Ganada,,,4830000.0,3795000.0,194000.0,45
Q-00590,Empresa C-0105,Financiero,Regalos de fin de año,2025-02-16,2025-03-03,681000.0,4,Ganada,,,649000.0,485000.0,20000.0,30
Q-00591,Empresa C-0061,Financiero,Regalos de fin de año,2025-02-16,2025-03-17,11049000.0,65,Perdida,Precio,,0.0,0.0,0.0,45
Q-00592,Empresa C-0016,Salud,Obsequios a clientes,2025-02-18,2025-03-19,5194000.0,40,Ganada,,,4947000.0,3775000.0,166000.0,90
Q-00593,Empresa C-0001,Energía y minería,Regalos de fin de año,2025-02-18,2025-03-12,8769000.0,47,Perdida,Cobertura fuera de Bogotá,,0.0,0.0,0.0,45
Q-00594,Empresa C-0589,Energía y minería,Evento corporativo,2025-02-18,2025-03-22,36755000.0,306,Perdida,Se fue con el proveedor de siempre,,0.0,0.0,0.0,90
Q-00595,Empresa C-0252,Consultoría y legal,Obsequios a clientes,2025-02-19,2025-03-21,5713000.0,43,Perdida,Sin respuesta del cliente,,0.0,0.0,0.0,60
Q-00596,Empresa C-0209,Energía y minería,Obsequios a clientes,2025-02-22,2025-03-09,2278000.0,18,Perdida,Se fue con el proveedor de siempre,,0.0,0.0,0.0,60
Q-00597,Empresa C-0109,Automotriz,Boda o celebración privada,2025-02-22,2025-03-20,1019000.0,8,Ganada,,,970000.0,771000.0,42000.0,45
Q-00598,Empresa C-0004,Financiero,Regalos de fin de año,2025-02-23,2025-03-07,1396000.0,11,Ganada,,,1330000.0,1044000.0,41000.0,60
Q-00599,Empresa C-0013,Financiero,Regalos de fin de año,2025-02-25,2025-03-11,6415000.0,43,Perdida,Tiempo de entrega,,0.0,0.0,0.0,45
Q-00600,Empresa C-0074,Financiero,Obsequios a clientes,2025-02-27,2025-03-10,6424000.0,54,Perdida,Se fue con el proveedor de siempre,,0.0,0.0,0.0,45
Q-00601,Empresa C-0011,Consultoría y legal,Regalos de fin de año,2025-02-27,2025-03-17,2799000.0,17,Perdida,Sin respuesta del cliente,,0.0,0.0,0.0,60
Q-00602,Empresa C-0001,Consumo masivo,Regalos de fin de año,2025-02-28,2025-03-10,6748000.0,49,Ganada,,,6427000.0,4762000.0,260000.0,90
Q-00603,Empresa C-0283,Tecnología,Regalos de fin de año,2025-02-28,2025-03-23,24143000.0,140,Perdida,Se fue con el proveedor de siempre,,0.0,0.0,0.0,45
Q-00604,Empresa C-0016,Inmobiliario y construcción,Regalos de fin de año,2025-03-02,2025-03-25,2110000.0,10,Perdida,Precio,,0.0,0.0,0.0,45
Q-00605,Empresa C-0094,Educación,Boda o celebración privada,2025-03-03,2025-03-27,1982000.0,10,Perdida,Precio,,0.0,0.0,0.0,60
Q-00606,Empresa C-0001,Financiero,Obsequios a clientes,2025-03-05,2025-04-10,3501000.0,18,Ganada,,,3334000.0,2601000.0,162000.0,45
Q-00607,Empresa C-0066,Financiero,Evento corporativo,2025-03-07,2025-03-21,11436000.0,56,Perdida,Precio,,0.0,0.0,0.0,30
Q-00608,Empresa C-0541,Energía y minería,Cata privada,2025-03-07,2025-03-18,7517000.0,58,Perdida,Sin respuesta del cliente,,0.0,0.0,0.0,45
Q-00609,Empresa C-0193,Consultoría y legal,Regalos de fin de año,2025-03-08,2025-03-22,1542000.0,10,Perdida,Se fue con el proveedor de siempre,,0.0,0.0,0.0,45
Q-00610,Empresa C-0001,Financiero,Obsequios a clientes,2025-03-08,2025-03-20,3999000.0,27,Perdida,Se fue con el proveedor de siempre,,0.0,0.0,0.0,60
Q-00611,Empresa C-0572,Financiero,Regalos de fin de año,2025-03-08,2025-04-01,8886000.0,47,Perdida,Precio,,0.0,0.0,0.0,60
Q-00612,Empresa C-0415,Financiero,Regalos de fin de año,2025-03-09,2025-04-09,13135000.0,109,Ganada,,,12510000.0,9798000.0,421000.0,60
Q-00613,Empresa C-0323,Financiero,Regalos de fin de año,2025-03-09,2025-03-26,1454000.0,10,Perdida,Precio,,0.0,0.0,0.0,45
Q-00614,Empresa C-0662,Consumo masivo,Obsequios a clientes,2025-03-10,2025-04-07,2032000.0,10,Ganada,,,1935000.0,1442000.0,83000.0,45
Q-00615,Empresa C-0002,Salud,Regalos de fin de año,2025-03-11,2025-03-24,8582000.0,56,Ganada,,,8173000.0,6157000.0,334000.0,30
Q-00616,Empresa C-0043,Consultoría y legal,Evento corporativo,2025-03-11,2025-03-27,1176000.0,6,Ganada,,,1120000.0,874000.0,47000.0,45
Q-00617,Empresa C-0004,Financiero,Regalos de fin de año,2025-03-16,2025-03-27,2526000.0,13,Perdida,Sin respuesta del cliente,,0.0,0.0,0.0,45
Q-00618,Empresa C-0350,Inmobiliario y construcción,Regalos de fin de año,2025-03-16,2025-04-22,3083000.0,23,Perdida,Precio,,0.0,0.0,0.0,30
Q-00619,Empresa C-0105,Salud,Evento corporativo,2025-03-16,2025-04-01,4113000.0,23,Ganada,,,3917000.0,3092000.0,124000.0,30
Q-00620,Empresa C-0362,Educación,Obsequios a clientes,2025-03-16,2025-04-18,5665000.0,31,Ganada,,,5395000.0,4083000.0,263000.0,30
Q-00621,Empresa C-0508,Energía y minería,Boda o celebración privada,2025-03-20,2025-04-24,5730000.0,40,Ganada,,,5457000.0,4365000.0,264000.0,60
Q-00622,Empresa C-0129,Gremios y asociaciones,Cata privada,2025-03-20,2025-04-20,5113000.0,31,Ganada,,,4870000.0,3838000.0,171000.0,30
Q-00623,Empresa C-0585,Consumo masivo,Obsequios a clientes,2025-03-21,2025-04-17,1916000.0,9,Perdida,Sin respuesta del cliente,,0.0,0.0,0.0,30
Q-00624,Empresa C-0371,Salud,Regalos de fin de año,2025-03-21,2025-04-09,1769000.0,9,Perdida,Precio,,0.0,0.0,0.0,45
Q-00625,Empresa C-0001,Consumo masivo,Evento corporativo,2025-03-22,2025-05-01,2769000.0,18,Ganada,,,2637000.0,2004000.0,67000.0,30
Q-00626,Empresa C-0606,Tecnología,Evento corporativo,2025-03-25,2025-05-05,5960000.0,32,Ganada,,,5676000.0,4481000.0,147000.0,30
Q-00627,Empresa C-0028,Financiero,Regalos de fin de año,2025-03-29,2025-04-21,10159000.0,83,Ganada,,,9675000.0,7428000.0,243000.0,30
Q-00628,Empresa C-0407,Inmobiliario y construcción,Obsequios a clientes,2025-03-29,2025-05-09,2368000.0,12,Ganada,,,2255000.0,1803000.0,67000.0,30
Q-00629,Empresa C-0475,Automotriz,Boda o celebración privada,2025-03-29,2025-05-08,5340000.0,30,Perdida,Tiempo de entrega,,0.0,0.0,0.0,45
Q-00630,Empresa C-0661,Salud,Regalos de fin de año,2025-03-30,2025-04-22,1319000.0,7,Perdida,Precio,,0.0,0.0,0.0,30
Q-00631,Empresa C-0152,Automotriz,Regalos de fin de año,2025-03-30,2025-05-04,6794000.0,40,Perdida,Se fue con el proveedor de siempre,,0.0,0.0,0.0,60
Q-00632,Empresa C-0293,Financiero,Boda o celebración privada,2025-03-30,2025-04-22,7539000.0,53,Ganada,,,7180000.0,5562000.0,270000.0,30
Q-00633,Empresa C-0061,Salud,Obsequios a clientes,2025-04-03,2025-04-27,2348000.0,17,Ganada,,,2236000.0,1709000.0,65000.0,90
Q-00634,Empresa C-0067,Tecnología,Boda o celebración privada,2025-04-03,2025-04-26,6519000.0,38,Perdida,Cobertura fuera de Bogotá,,0.0,0.0,0.0,30
Q-00635,Empresa C-0619,Consultoría y legal,Regalos de fin de año,2025-04-04,2025-04-18,2112000.0,13,Ganada,,,2011000.0,1502000.0,96000.0,60
Q-00636,Empresa C-0256,Consultoría y legal,Regalos de fin de año,2025-04-04,2025-05-10,6428000.0,37,Perdida,Sin respuesta del cliente,,0.0,0.0,0.0,90
Q-00637,Empresa C-0002,Tecnología,Regalos de fin de año,2025-04-04,2025-04-24,3811000.0,22,Ganada,,,3630000.0,2907000.0,159000.0,45
Q-00638,Empresa C-0552,Inmobiliario y construcción,Regalos de fin de año,2025-04-05,2025-05-08,600000.0,4,Perdida,Se fue con el proveedor de siempre,,0.0,0.0,0.0,45
Q-00639,Empresa C-0008,Automotriz,Regalos de fin de año,2025-04-05,2025-05-10,4486000.0,22,Ganada,,,4272000.0,3335000.0,197000.0,30
Q-00640,Empresa C-0376,Consumo masivo,Obsequios a clientes,2025-04-06,2025-04-24,5234000.0,36,Ganada,,,4985000.0,3838000.0,228000.0,60
Q-00641,Empresa C-0327,Inmobiliario y construcción,Evento corporativo,2025-04-07,2025-05-15,1981000.0,10,Perdida,Tiempo de entrega,,0.0,0.0,0.0,30
Q-00642,Empresa C-0482,Consultoría y legal,Boda o celebración privada,2025-04-09,2025-05-09,9568000.0,53,Perdida,Sin respuesta del cliente,,0.0,0.0,0.0,60
Q-00643,Empresa C-0332,Salud,Boda o celebración privada,2025-04-12,2025-05-22,4298000.0,21,Ganada,,,4093000.0,3308000.0,131000.0,90
Q-00644,Empresa C-0525,Energía y minería,Evento corporativo,2025-04-12,2025-04-23,3515000.0,17,Ganada,,,3348000.0,2503000.0,138000.0,30
Q-00645,Empresa C-0001,Consultoría y legal,Obsequios a clientes,2025-04-14,2025-05-17,2427000.0,16,Perdida,Precio,,0.0,0.0,0.0,45
Q-00646,Empresa C-0227,Salud,Evento corporativo,2025-04-15,2025-05-14,7153000.0,57,Ganada,,,6812000.0,5129000.0,329000.0,60
Q-00647,Empresa C-0148,Consultoría y legal,Regalos de fin de año,2025-04-18,2025-05-25,1846000.0,12,Ganada,,,1758000.0,1327000.0,53000.0,45
Q-00648,Empresa C-0232,Energía y minería,Obsequios a clientes,2025-04-19,2025-05-04,1276000.0,6,Perdida,Precio,,0.0,0.0,0.0,60
Q-00649,Empresa C-0567,Financiero,Boda o celebración privada,2025-04-20,2025-05-18,2520000.0,16,Ganada,,,2400000.0,1885000.0,102000.0,90
Q-00650,Empresa C-0055,Gremios y asociaciones,Regalos de fin de año,2025-04-20,2025-05-21,34907000.0,249,Perdida,Tiempo de entrega,,0.0,0.0,0.0,30
Q-00651,Empresa C-0188,Educación,Boda o celebración privada,2025-04-22,2025-05-08,3517000.0,24,Ganada,,,3350000.0,2560000.0,85000.0,30
Q-00652,Empresa C-0037,Inmobiliario y construcción,Cata privada,2025-04-22,2025-05-03,5657000.0,32,Perdida,Cobertura fuera de Bogotá,,0.0,0.0,0.0,60
Q-00653,Empresa C-0033,Salud,Evento corporativo,2025-04-23,2025-05-21,600000.0,4,Perdida,Precio,,0.0,0.0,0.0,45
Q-00654,Empresa C-0050,Financiero,Obsequios a clientes,2025-04-24,2025-06-02,3424000.0,18,Ganada,,,3261000.0,2612000.0,95000.0,90
Q-00655,Empresa C-0001,Consultoría y legal,Regalos de fin de año,2025-04-24,2025-05-08,3151000.0,19,Ganada,,,3001000.0,2269000.0,107000.0,90
Q-00656,Empresa C-0193,Tecnología,Regalos de fin de año,2025-04-27,2025-05-15,11415000.0,78,Ganada,,,10871000.0,8155000.0,391000.0,60
Q-00657,Empresa C-0026,Financiero,Obsequios a clientes,2025-04-27,2025-05-09,12522000.0,70,Ganada,,,11926000.0,9113000.0,405000.0,45
Q-00658,Empresa C-0012,Consultoría y legal,Evento corporativo,2025-04-28,2025-06-10,11637000.0,56,Perdida,Precio,,0.0,0.0,0.0,60
Q-00659,Empresa C-0225,Financiero,Obsequios a clientes,2025-04-29,2025-05-24,5789000.0,46,Perdida,Precio,,0.0,0.0,0.0,90
Q-00660,Empresa C-0523,Consultoría y legal,Cata privada,2025-04-29,2025-05-16,755000.0,5,Perdida,Cobertura fuera de Bogotá,,0.0,0.0,0.0,60
Q-00661,Empresa C-0059,Consultoría y legal,Boda o celebración privada,2025-04-30,2025-05-24,4839000.0,30,Perdida,Sin respuesta del cliente,,0.0,0.0,0.0,45
Q-00662,Empresa C-0013,Tecnología,Obsequios a clientes,2025-05-01,2025-05-16,11990000.0,60,Ganada,,,11419000.0,9151000.0,483000.0,30
Q-00663,Empresa C-0328,Gremios y asociaciones,Evento corporativo,2025-05-02,2025-05-12,2216000.0,11,Perdida,Precio,,0.0,0.0,0.0,60
Q-00664,Empresa C-0313,Educación,Regalos de fin de año,2025-05-03,2025-06-08,2055000.0,10,Perdida,Sin respuesta del cliente,,0.0,0.0,0.0,90
Q-00665,Empresa C-0305,Consultoría y legal,Evento corporativo,2025-05-03,2025-06-15,2721000.0,19,Ganada,,,2591000.0,2079000.0,94000.0,60
Q-00666,Empresa C-0518,Tecnología,Regalos de fin de año,2025-05-04,2025-06-17,1366000.0,8,Ganada,,,1301000.0,1024000.0,53000.0,45
Q-00667,Empresa C-0045,Financiero,Regalos de fin de año,2025-05-04,2025-05-22,19532000.0,134,Perdida,Precio,,0.0,0.0,0.0,60
Q-00668,Empresa C-0126,Consultoría y legal,Evento corporativo,2025-05-04,2025-06-17,9631000.0,68,Ganada,,,9172000.0,6826000.0,365000.0,90
Q-00669,Empresa C-0484,Tecnología,Regalos de fin de año,2025-05-05,2025-06-03,16455000.0,100,Perdida,Precio,,0.0,0.0,0.0,30
Q-00670,Empresa C-0018,Energía y minería,Boda o celebración privada,2025-05-05,2025-05-24,4872000.0,36,Perdida,Tiempo de entrega,,0.0,0.0,0.0,90
Q-00671,Empresa C-0535,Gremios y asociaciones,Regalos de fin de año,2025-05-06,2025-06-13,4293000.0,22,Ganada,,,4089000.0,3031000.0,129000.0,30
Q-00672,Empresa C-0256,Tecnología,Regalos de fin de año,2025-05-07,2025-06-19,2546000.0,13,Perdida,Tiempo de entrega,,0.0,0.0,0.0,60
Q-00673,Empresa C-0091,Tecnología,Cata privada,2025-05-08,2025-05-20,10001000.0,58,Ganada,,,9525000.0,7574000.0,430000.0,60
Q-00674,Empresa C-0002,Tecnología,Obsequios a clientes,2025-05-09,2025-05-23,12868000.0,87,Perdida,Precio,,0.0,0.0,0.0,45
Q-00675,Empresa C-0045,Automotriz,Boda o celebración privada,2025-05-11,2025-06-04,3326000.0,18,Perdida,Precio,,0.0,0.0,0.0,45
Q-00676,Empresa C-0106,Financiero,Obsequios a clientes,2025-05-11,2025-06-08,3262000.0,19,Ganada,,,3107000.0,2499000.0,106000.0,30
Q-00677,Empresa C-0001,Gremios y asociaciones,Obsequios a clientes,2025-05-12,2025-06-09,17050000.0,90,Perdida,Precio,,0.0,0.0,0.0,90
Q-00678,Empresa C-0667,Tecnología,Cata privada,2025-05-12,2025-05-23,5308000.0,35,Perdida,Tiempo de entrega,,0.0,0.0,0.0,90
Q-00679,Empresa C-0252,Consumo masivo,Regalos de fin de año,2025-05-13,2025-06-24,12134000.0,59,Ganada,,,11556000.0,9320000.0,402000.0,90
Q-00680,Empresa C-0409,Inmobiliario y construcción,Evento corporativo,2025-05-14,2025-05-26,2834000.0,14,Perdida,Se fue con el proveedor de siempre,,0.0,0.0,0.0,90
Q-00681,Empresa C-0141,Consumo masivo,Regalos de fin de año,2025-05-14,2025-06-15,2039000.0,15,Perdida,Precio,,0.0,0.0,0.0,30
Q-00682,Empresa C-0065,Financiero,Boda o celebración privada,2025-05-14,2025-06-14,900000.0,5,Perdida,Se fue con el proveedor de siempre,,0.0,0.0,0.0,60
Q-00683,Empresa C-0004,Energía y minería,Regalos de fin de año,2025-05-14,2025-06-19,3909000.0,19,Ganada,,,3723000.0,2759000.0,155000.0,45
Q-00684,Empresa C-0205,Automotriz,Boda o celebración privada,2025-05-15,2025-06-22,11874000.0,59,Perdida,Precio,,0.0,0.0,0.0,30
Q-00685,Empresa C-0027,Inmobiliario y construcción,Regalos de fin de año,2025-05-16,2025-06-15,8199000.0,55,Ganada,,,7809000.0,5983000.0,228000.0,30
Q-00686,Empresa C-0585,Energía y minería,Obsequios a clientes,2025-05-18,2025-06-21,2592000.0,16,Perdida,Tiempo de entrega,,0.0,0.0,0.0,90
Q-00687,Empresa C-0006,Tecnología,Regalos de fin de año,2025-05-18,2025-06-14,7464000.0,52,Perdida,Sin respuesta del cliente,,0.0,0.0,0.0,45
Q-00688,Empresa C-0369,Consumo masivo,Evento corporativo,2025-05-19,2025-07-02,4782000.0,27,Ganada,,,4554000.0,3515000.0,163000.0,30
Q-00689,Empresa C-0003,Salud,Boda o celebración privada,2025-05-21,2025-06-24,735000.0,4,Perdida,Cobertura fuera de Bogotá,,0.0,0.0,0.0,45
Q-00690,Empresa C-0410,Tecnología,Obsequios a clientes,2025-05-22,2025-06-15,4065000.0,21,Perdida,Se fue con el proveedor de siempre,,0.0,0.0,0.0,60
Q-00691,Empresa C-0074,Consumo masivo,Regalos de fin de año,2025-05-22,2025-06-24,9682000.0,63,Perdida,Precio,,0.0,0.0,0.0,60
Q-00692,Empresa C-0114,Financiero,Evento corporativo,2025-05-22,2025-06-06,2927000.0,15,Perdida,Tiempo de entrega,,0.0,0.0,0.0,60
Q-00693,Empresa C-0482,Inmobiliario y construcción,Regalos de fin de año,2025-05-23,2025-06-14,27113000.0,202,Perdida,Tiempo de entrega,,0.0,0.0,0.0,30
Q-00694,Empresa C-0024,Consultoría y legal,Regalos de fin de año,2025-05-23,2025-06-19,917000.0,5,Perdida,Tiempo de entrega,,0.0,0.0,0.0,30
Q-00695,Empresa C-0268,Inmobiliario y construcción,Evento corporativo,2025-05-23,2025-07-05,3573000.0,18,Perdida,Sin respuesta del cliente,,0.0,0.0,0.0,45
Q-00696,Empresa C-0672,Financiero,Boda o celebración privada,2025-05-23,2025-06-16,6744000.0,51,Ganada,,,6423000.0,4949000.0,231000.0,60
Q-00697,Empresa C-0189,Financiero,Obsequios a clientes,2025-05-23,2025-06-17,38565000.0,221,Perdida,Se fue con el proveedor de siempre,,0.0,0.0,0.0,60
Q-00698,Empresa C-0001,Tecnología,Obsequios a clientes,2025-05-23,2025-06-02,1981000.0,11,Perdida,Cobertura fuera de Bogotá,,0.0,0.0,0.0,60
Q-00699,Empresa C-0017,Financiero,Obsequios a clientes,2025-05-23,2025-06-05,3554000.0,18,Ganada,,,3385000.0,2593000.0,97000.0,60
Q-00700,Empresa C-0002,Tecnología,Regalos de fin de año,2025-05-24,2025-07-04,1198000.0,9,Perdida,Sin respuesta del cliente,,0.0,0.0,0.0,30
Q-00701,Empresa C-0076,Gremios y asociaciones,Regalos de fin de año,2025-05-24,2025-06-24,1103000.0,6,Perdida,Precio,,0.0,0.0,0.0,30
Q-00702,Empresa C-0029,Automotriz,Boda o celebración privada,2025-05-25,2025-06-21,5406000.0,30,Ganada,,,5149000.0,3994000.0,146000.0,45
Q-00703,Empresa C-0009,Automotriz,Obsequios a clientes,2025-05-26,2025-06-05,633000.0,4,Ganada,,,603000.0,452000.0,21000.0,45
Q-00704,Empresa C-0579,Inmobiliario y construcción,Regalos de fin de año,2025-05-26,2025-07-06,3321000.0,18,Perdida,Cobertura fuera de Bogotá,,0.0,0.0,0.0,45
Q-00705,Empresa C-0499,Gremios y asociaciones,Boda o celebración privada,2025-05-27,2025-06-15,3373000.0,22,Ganada,,,3212000.0,2395000.0,145000.0,90
Q-00706,Empresa C-0001,Inmobiliario y construcción,Regalos de fin de año,2025-05-27,2025-07-05,6270000.0,43,Perdida,Se fue con el proveedor de siempre,,0.0,0.0,0.0,30
Q-00707,Empresa C-0009,Consultoría y legal,Obsequios a clientes,2025-05-28,2025-06-12,1576000.0,8,Perdida,Tiempo de entrega,,0.0,0.0,0.0,30
Q-00708,Empresa C-0260,Financiero,Regalos de fin de año,2025-05-28,2025-06-18,2836000.0,18,Perdida,Tiempo de entrega,,0.0,0.0,0.0,30
Q-00709,Empresa C-0173,Consultoría y legal,Evento corporativo,2025-05-28,2025-06-18,2216000.0,15,Perdida,Cobertura fuera de Bogotá,,0.0,0.0,0.0,60
Q-00710,Empresa C-0111,Tecnología,Regalos de fin de año,2025-05-29,2025-06-10,1864000.0,12,Perdida,Precio,,0.0,0.0,0.0,30
Q-00711,Empresa C-0092,Consultoría y legal,Regalos de fin de año,2025-05-31,2025-06-19,1367000.0,7,Ganada,,,1302000.0,1006000.0,37000.0,30
Q-00712,Empresa C-0147,Consumo masivo,Cata privada,2025-05-31,2025-06-15,6313000.0,34,Ganada,,,6012000.0,4580000.0,294000.0,30
Q-00713,Empresa C-0002,Inmobiliario y construcción,Boda o celebración privada,2025-05-31,2025-07-03,600000.0,4,Perdida,Tiempo de entrega,,0.0,0.0,0.0,60
Q-00714,Empresa C-0647,Inmobiliario y construcción,Regalos de fin de año,2025-06-01,2025-06-24,600000.0,5,Perdida,Tiempo de entrega,,0.0,0.0,0.0,45
Q-00715,Empresa C-0552,Tecnología,Boda o celebración privada,2025-06-01,2025-06-25,3812000.0,21,Perdida,Cobertura fuera de Bogotá,,0.0,0.0,0.0,45
Q-00716,Empresa C-0038,Consultoría y legal,Cata privada,2025-06-01,2025-06-15,3288000.0,16,Perdida,Cobertura fuera de Bogotá,,0.0,0.0,0.0,60
Q-00717,Empresa C-0458,Financiero,Cata privada,2025-06-02,2025-06-16,11142000.0,74,Ganada,,,10611000.0,8151000.0,446000.0,60
Q-00718,Empresa C-0124,Consultoría y legal,Regalos de fin de año,2025-06-03,2025-06-26,25923000.0,188,Ganada,,,24689000.0,18734000.0,621000.0,60
Q-00719,Empresa C-0001,Automotriz,Cata privada,2025-06-04,2025-06-24,7845000.0,41,Perdida,Cobertura fuera de Bogotá,,0.0,0.0,0.0,45
Q-00720,Empresa C-0002,Consultoría y legal,Boda o celebración privada,2025-06-06,2025-07-04,8796000.0,55,Perdida,Precio,,0.0,0.0,0.0,30
Q-00721,Empresa C-0010,Financiero,Regalos de fin de año,2025-06-07,2025-07-04,1184000.0,9,Perdida,Sin respuesta del cliente,,0.0,0.0,0.0,90
Q-00722,Empresa C-0461,Salud,Evento corporativo,2025-06-08,2025-07-01,851000.0,7,Perdida,Se fue con el proveedor de siempre,,0.0,0.0,0.0,30
Q-00723,Empresa C-0104,Tecnología,Cata privada,2025-06-08,2025-11-04,6458000.0,33,Ganada,,,6150000.0,4576000.0,273000.0,30
Q-00724,Empresa C-0050,Financiero,Cata privada,2025-06-10,2025-11-04,2741000.0,16,Perdida,Sin respuesta del cliente,,0.0,0.0,0.0,30
Q-00725,Empresa C-0278,Financiero,Boda o celebración privada,2025-06-10,2025-06-26,9149000.0,45,Ganada,,,8713000.0,6599000.0,350000.0,30
Q-00726,Empresa C-0031,Financiero,Regalos de fin de año,2025-06-10,2025-07-08,1241000.0,6,Perdida,Sin respuesta del cliente,,0.0,0.0,0.0,90
Q-00727,Empresa C-0596,Consultoría y legal,Obsequios a clientes,2025-06-11,2025-11-04,4925000.0,41,Perdida,Precio,,0.0,0.0,0.0,60
Q-00728,Empresa C-0243,Consumo masivo,Regalos de fin de año,2025-06-11,2025-06-21,7567000.0,40,Perdida,Sin respuesta del cliente,,0.0,0.0,0.0,30
Q-00729,Empresa C-0355,Energía y minería,Boda o celebración privada,2025-06-11,2025-07-03,7588000.0,37,Ganada,,,7227000.0,5380000.0,242000.0,90
Q-00730,Empresa C-0468,Financiero,Cata privada,2025-06-11,2025-06-27,6294000.0,44,Perdida,Precio,,0.0,0.0,0.0,45
Q-00731,Empresa C-0541,Financiero,Regalos de fin de año,2025-06-12,2025-07-10,615000.0,4,Ganada,,,586000.0,443000.0,23000.0,30
Q-00732,Empresa C-0003,Inmobiliario y construcción,Boda o celebración privada,2025-06-12,2025-07-23,5540000.0,43,Perdida,Se fue con el proveedor de siempre,,0.0,0.0,0.0,60
Q-00733,Empresa C-0322,Energía y minería,Boda o celebración privada,2025-06-12,2025-07-13,25661000.0,137,Perdida,Se fue con el proveedor de siempre,,0.0,0.0,0.0,45
Q-00734,Empresa C-0407,Consumo masivo,Regalos de fin de año,2025-06-13,2025-11-04,6525000.0,41,Perdida,Precio,,0.0,0.0,0.0,60
Q-00735,Empresa C-0024,Salud,Evento corporativo,2025-06-13,2025-07-16,5569000.0,43,Perdida,Precio,,0.0,0.0,0.0,45
Q-00736,Empresa C-0050,Consultoría y legal,Cata privada,2025-06-14,2025-07-15,969000.0,5,Ganada,,,923000.0,699000.0,41000.0,45
Q-00737,Empresa C-0113,Gremios y asociaciones,Regalos de fin de año,2025-06-16,2025-07-24,10223000.0,54,Ganada,,,9736000.0,7670000.0,331000.0,30
Q-00738,Empresa C-0310,Gremios y asociaciones,Regalos de fin de año,2025-06-16,2025-07-19,3509000.0,19,Ganada,,,3342000.0,2670000.0,98000.0,45
Q-00739,Empresa C-0001,Gremios y asociaciones,Regalos de fin de año,2025-06-16,2025-11-08,11059000.0,78,Perdida,Se fue con el proveedor de siempre,,0.0,0.0,0.0,90
Q-00740,Empresa C-0015,Financiero,Evento corporativo,2025-06-16,2025-07-17,3966000.0,19,Ganada,,,3777000.0,2812000.0,115000.0,30
Q-00741,Empresa C-0003,Salud,Regalos de fin de año,2025-06-16,2025-07-16,700000.0,4,Ganada,,,667000.0,504000.0,17000.0,30
Q-00742,Empresa C-0367,Energía y minería,Obsequios a clientes,2025-06-16,2025-07-07,2477000.0,16,Perdida,Cobertura fuera de Bogotá,,0.0,0.0,0.0,90
Q-00743,Empresa C-0559,Tecnología,Regalos de fin de año,2025-06-17,2025-11-05,2673000.0,16,Perdida,Precio,,0.0,0.0,0.0,30
Q-00744,Empresa C-0045,Salud,Evento corporativo,2025-06-17,2025-11-09,1382000.0,9,Perdida,Tiempo de entrega,,0.0,0.0,0.0,30
Q-00745,Empresa C-0360,Consumo masivo,Regalos de fin de año,2025-06-17,2025-11-12,1673000.0,10,Ganada,,,1593000.0,1226000.0,76000.0,45
Q-00746,Empresa C-0131,Financiero,Obsequios a clientes,2025-06-17,2025-07-11,6677000.0,34,Ganada,,,6359000.0,4994000.0,300000.0,45
Q-00747,Empresa C-0002,Inmobiliario y construcción,Regalos de fin de año,2025-06-17,2025-06-27,5947000.0,30,Perdida,Precio,,0.0,0.0,0.0,45
Q-00748,Empresa C-0077,Consultoría y legal,Obsequios a clientes,2025-06-17,2025-07-27,8129000.0,43,Perdida,Precio,,0.0,0.0,0.0,45
Q-00749,Empresa C-0422,Financiero,Evento corporativo,2025-06-19,2025-07-17,2426000.0,14,Ganada,,,2310000.0,1839000.0,60000.0,45
Q-00750,Empresa C-0020,Consumo masivo,Regalos de fin de año,2025-06-20,2025-08-02,10142000.0,49,Ganada,,,9659000.0,7595000.0,401000.0,45
Q-00751,Empresa C-0244,Tecnología,Obsequios a clientes,2025-06-22,2025-08-02,9973000.0,55,Perdida,Se fue con el proveedor de siempre,,0.0,0.0,0.0,30
Q-00752,Empresa C-0007,Inmobiliario y construcción,Obsequios a clientes,2025-06-23,2025-11-18,1522000.0,10,Ganada,,,1450000.0,1120000.0,71000.0,60
Q-00753,Empresa C-0030,Financiero,Obsequios a clientes,2025-06-23,2025-07-22,1846000.0,11,Perdida,Precio,,0.0,0.0,0.0,60
Q-00754,Empresa C-0071,Inmobiliario y construcción,Regalos de fin de año,2025-06-24,2025-11-13,2575000.0,17,Perdida,Se fue con el proveedor de siempre,,0.0,0.0,0.0,45
Q-00755,Empresa C-0001,Consumo masivo,Evento corporativo,2025-06-25,2025-11-16,11955000.0,74,Perdida,Se fue con el proveedor de siempre,,0.0,0.0,0.0,30
Q-00756,Empresa C-0253,Consumo masivo,Evento corporativo,2025-06-26,2025-07-06,600000.0,5,Ganada,,,571000.0,436000.0,17000.0,60
Q-00757,Empresa C-0656,Gremios y asociaciones,Regalos de fin de año,2025-06-26,2025-11-19,5226000.0,37,Ganada,,,4977000.0,3713000.0,182000.0,45
Q-00758,Empresa C-0174,Salud,Regalos de fin de año,2025-06-27,2025-08-03,7174000.0,42,Perdida,Cobertura fuera de Bogotá,,0.0,0.0,0.0,30
Q-00759,Empresa C-0654,Educación,Regalos de fin de año,2025-06-27,2025-08-02,2678000.0,15,Perdida,Tiempo de entrega,,0.0,0.0,0.0,45
Q-00760,Empresa C-0001,Gremios y asociaciones,Regalos de fin de año,2025-06-28,2025-07-14,2231000.0,11,Perdida,Se fue con el proveedor de siempre,,0.0,0.0,0.0,30
Q-00761,Empresa C-0674,Financiero,Regalos de fin de año,2025-06-29,2025-08-11,22674000.0,117,Perdida,Tiempo de entrega,,0.0,0.0,0.0,30
Q-00762,Empresa C-0008,Salud,Obsequios a clientes,2025-06-29,2025-08-01,6546000.0,37,Perdida,Se fue con el proveedor de siempre,,0.0,0.0,0.0,60
Q-00763,Empresa C-0537,Financiero,Regalos de fin de año,2025-06-30,2025-11-12,11157000.0,65,Perdida,Se fue con el proveedor de siempre,,0.0,0.0,0.0,45
Q-00764,Empresa C-0021,Tecnología,Regalos de fin de año,2025-06-30,2025-11-20,6701000.0,37,Ganada,,,6382000.0,4802000.0,271000.0,45
Q-00765,Empresa C-0009,Inmobiliario y construcción,Regalos de fin de año,2025-07-01,2025-08-12,3063000.0,15,Perdida,Tiempo de entrega,,0.0,0.0,0.0,30
Q-00766,Empresa C-0002,Tecnología,Regalos de fin de año,2025-07-01,2025-11-12,1978000.0,12,Ganada,,,1884000.0,1419000.0,59000.0,30
Q-00767,Empresa C-0017,Tecnología,Obsequios a clientes,2025-07-02,2025-11-15,1897000.0,9,Ganada,,,1807000.0,1447000.0,49000.0,45
Q-00768,Empresa C-0202,Inmobiliario y construcción,Obsequios a clientes,2025-07-03,2025-07-14,3360000.0,27,Perdida,Sin respuesta del cliente,,0.0,0.0,0.0,45
Q-00769,Empresa C-0007,Educación,Evento corporativo,2025-07-03,2025-07-23,8289000.0,66,Ganada,,,7894000.0,6206000.0,221000.0,60
Q-00770,Empresa C-0102,Financiero,Obsequios a clientes,2025-07-04,2025-07-23,8107000.0,60,Ganada,,,7721000.0,5721000.0,257000.0,60
Q-00771,Empresa C-0245,Inmobiliario y construcción,Regalos de fin de año,2025-07-05,2025-11-10,8368000.0,45,Perdida,Sin respuesta del cliente,,0.0,0.0,0.0,30
Q-00772,Empresa C-0003,Inmobiliario y construcción,Cata privada,2025-07-05,2025-11-12,768000.0,5,Perdida,Tiempo de entrega,,0.0,0.0,0.0,45
Q-00773,Empresa C-0692,Educación,Regalos de fin de año,2025-07-05,2025-08-02,1089000.0,5,Ganada,,,1037000.0,777000.0,50000.0,45
Q-00774,Empresa C-0061,Automotriz,Regalos de fin de año,2025-07-06,2025-11-12,3985000.0,21,Ganada,,,3795000.0,2994000.0,178000.0,60
Q-00775,Empresa C-0016,Salud,Regalos de fin de año,2025-07-06,2025-11-23,4574000.0,31,Perdida,Precio,,0.0,0.0,0.0,60
Q-00776,Empresa C-0059,Financiero,Regalos de fin de año,2025-07-06,2025-11-10,5303000.0,27,Ganada,,,5050000.0,3915000.0,227000.0,45
Q-00777,Empresa C-0017,Inmobiliario y construcción,Regalos de fin de año,2025-07-07,2025-12-01,4866000.0,26,Ganada,,,4634000.0,3615000.0,136000.0,60
Q-00778,Empresa C-0003,Consultoría y legal,Regalos de fin de año,2025-07-08,2025-08-09,1568000.0,10,Perdida,Precio,,0.0,0.0,0.0,60
Q-00779,Empresa C-0116,Automotriz,Obsequios a clientes,2025-07-08,2025-08-15,4479000.0,25,Ganada,,,4266000.0,3175000.0,187000.0,30
Q-00780,Empresa C-0264,Salud,Regalos de fin de año,2025-07-08,2025-07-19,5086000.0,26,Perdida,Cobertura fuera de Bogotá,,0.0,0.0,0.0,90
Q-00781,Empresa C-0119,Energía y minería,Evento corporativo,2025-07-08,2025-12-04,619000.0,4,Perdida,Sin respuesta del cliente,,0.0,0.0,0.0,30
Q-00782,Empresa C-0235,Tecnología,Obsequios a clientes,2025-07-09,2025-08-19,1481000.0,11,Perdida,Precio,,0.0,0.0,0.0,60
Q-00783,Empresa C-0357,Financiero,Regalos de fin de año,2025-07-09,2025-08-15,3077000.0,17,Ganada,,,2930000.0,2203000.0,133000.0,45
Q-00784,Empresa C-0212,Salud,Regalos de fin de año,2025-07-09,2025-11-27,4548000.0,35,Perdida,Tiempo de entrega,,0.0,0.0,0.0,45
Q-00785,Empresa C-0570,Tecnología,Regalos de fin de año,2025-07-09,2025-07-22,1172000.0,8,Perdida,Se fue con el proveedor de siempre,,0.0,0.0,0.0,90
Q-00786,Empresa C-0006,Tecnología,Regalos de fin de año,2025-07-09,2025-11-22,21702000.0,171,Ganada,,,20669000.0,16207000.0,920000.0,45
Q-00787,Empresa C-0003,Tecnología,Evento corporativo,2025-07-09,2025-11-23,13619000.0,76,Perdida,Cobertura fuera de Bogotá,,0.0,0.0,0.0,30
Q-00788,Empresa C-0137,Salud,Regalos de fin de año,2025-07-09,2025-12-01,8192000.0,42,Perdida,Sin respuesta del cliente,,0.0,0.0,0.0,45
Q-00789,Empresa C-0076,Tecnología,Evento corporativo,2025-07-09,2025-07-24,4757000.0,30,Perdida,Sin respuesta del cliente,,0.0,0.0,0.0,45
Q-00790,Empresa C-0116,Consultoría y legal,Regalos de fin de año,2025-07-10,2025-11-04,2445000.0,14,Perdida,Se fue con el proveedor de siempre,,0.0,0.0,0.0,45
Q-00791,Empresa C-0077,Consultoría y legal,Regalos de fin de año,2025-07-10,2025-12-03,5270000.0,39,Ganada,,,5019000.0,3977000.0,181000.0,45
Q-00792,Empresa C-0272,Financiero,Regalos de fin de año,2025-07-10,2025-12-06,5214000.0,29,Perdida,Precio,,0.0,0.0,0.0,30
Q-00793,Empresa C-0153,Energía y minería,Obsequios a clientes,2025-07-10,2025-12-04,4574000.0,38,Perdida,Precio,,0.0,0.0,0.0,45
Q-00794,Empresa C-0116,Consumo masivo,Regalos de fin de año,2025-07-11,2025-08-13,5391000.0,40,Perdida,Precio,,0.0,0.0,0.0,45
Q-00795,Empresa C-0673,Consultoría y legal,Regalos de fin de año,2025-07-11,2025-11-25,3611000.0,27,Ganada,,,3439000.0,2717000.0,153000.0,30
Q-00796,Empresa C-0337,Inmobiliario y construcción,Regalos de fin de año,2025-07-11,2025-12-04,2783000.0,14,Perdida,Precio,,0.0,0.0,0.0,45
Q-00797,Empresa C-0003,Gremios y asociaciones,Regalos de fin de año,2025-07-11,2025-08-23,9220000.0,54,Perdida,Sin respuesta del cliente,,0.0,0.0,0.0,30
Q-00798,Empresa C-0018,Tecnología,Obsequios a clientes,2025-07-11,2025-12-06,1017000.0,5,Perdida,Tiempo de entrega,,0.0,0.0,0.0,30
Q-00799,Empresa C-0243,Consultoría y legal,Regalos de fin de año,2025-07-12,2025-11-14,1156000.0,8,Perdida,Precio,,0.0,0.0,0.0,45
Q-00800,Empresa C-0396,Tecnología,Evento corporativo,2025-07-12,2025-08-21,4938000.0,31,Ganada,,,4703000.0,3757000.0,212000.0,45
Q-00801,Empresa C-0060,Financiero,Regalos de fin de año,2025-07-12,2025-12-08,1706000.0,14,Ganada,,,1625000.0,1255000.0,68000.0,30
Q-00802,Empresa C-0193,Inmobiliario y construcción,Regalos de fin de año,2025-07-12,2025-11-01,3184000.0,22,Ganada,,,3032000.0,2273000.0,107000.0,30
Q-00803,Empresa C-0074,Consultoría y legal,Evento corporativo,2025-07-12,2025-12-08,2714000.0,16,Perdida,Sin respuesta del cliente,,0.0,0.0,0.0,30
Q-00804,Empresa C-0002,Automotriz,Regalos de fin de año,2025-07-12,2025-11-26,953000.0,7,Perdida,Tiempo de entrega,,0.0,0.0,0.0,45
Q-00805,Empresa C-0383,Educación,Regalos de fin de año,2025-07-14,2025-12-02,4863000.0,33,Perdida,Precio,,0.0,0.0,0.0,30
Q-00806,Empresa C-0660,Consultoría y legal,Regalos de fin de año,2025-07-14,2025-11-06,2499000.0,15,Ganada,,,2380000.0,1787000.0,85000.0,45
Q-00807,Empresa C-0026,Gremios y asociaciones,Regalos de fin de año,2025-07-15,2025-12-05,1566000.0,8,Perdida,Se fue con el proveedor de siempre,,0.0,0.0,0.0,90
Q-00808,Empresa C-0066,Financiero,Obsequios a clientes,2025-07-15,2025-08-21,32391000.0,191,Perdida,Cobertura fuera de Bogotá,,0.0,0.0,0.0,30
Q-00809,Empresa C-0398,Gremios y asociaciones,Regalos de fin de año,2025-07-15,2025-11-10,1658000.0,11,Perdida,Precio,,0.0,0.0,0.0,30
Q-00810,Empresa C-0379,Tecnología,Regalos de fin de año,2025-07-16,2025-12-11,5263000.0,28,Ganada,,,5012000.0,3948000.0,250000.0,30
Q-00811,Empresa C-0306,Tecnología,Regalos de fin de año,2025-07-16,2025-08-26,1038000.0,8,Ganada,,,989000.0,764000.0,30000.0,60
Q-00812,Empresa C-0001,Consultoría y legal,Regalos de fin de año,2025-07-16,2025-12-01,6932000.0,41,Ganada,,,6602000.0,5038000.0,232000.0,30
Q-00813,Empresa C-0351,Consultoría y legal,Evento corporativo,2025-07-17,2025-12-01,3786000.0,20,Ganada,,,3606000.0,2835000.0,105000.0,60
Q-00814,Empresa C-0024,Consumo masivo,Regalos de fin de año,2025-07-17,2025-12-09,2148000.0,14,Ganada,,,2046000.0,1619000.0,60000.0,45
Q-00815,Empresa C-0442,Financiero,Regalos de fin de año,2025-07-17,2025-11-14,8709000.0,49,Perdida,Tiempo de entrega,,0.0,0.0,0.0,30
Q-00816,Empresa C-0001,Consultoría y legal,Obsequios a clientes,2025-07-17,2025-07-27,2607000.0,13,Ganada,,,2483000.0,1996000.0,81000.0,60
Q-00817,Empresa C-0273,Tecnología,Regalos de fin de año,2025-07-18,2025-12-14,924000.0,5,Perdida,Tiempo de entrega,,0.0,0.0,0.0,90
Q-00818,Empresa C-0001,Financiero,Regalos de fin de año,2025-07-18,2025-08-22,10515000.0,57,Perdida,Tiempo de entrega,,0.0,0.0,0.0,90
Q-00819,Empresa C-0025,Tecnología,Regalos de fin de año,2025-07-18,2025-12-06,1483000.0,9,Perdida,Precio,,0.0,0.0,0.0,60
Q-00820,Empresa C-0420,Tecnología,Regalos de fin de año,2025-07-19,2025-12-04,1463000.0,8,Ganada,,,1393000.0,1044000.0,68000.0,60
Q-00821,Empresa C-0176,Consultoría y legal,Evento corporativo,2025-07-19,2025-12-10,1565000.0,11,Perdida,Tiempo de entrega,,0.0,0.0,0.0,45
Q-00822,Empresa C-0403,Financiero,Obsequios a clientes,2025-07-19,2025-08-12,8352000.0,44,Perdida,Precio,,0.0,0.0,0.0,30
Q-00823,Empresa C-0678,Automotriz,Regalos de fin de año,2025-07-19,2025-11-03,10813000.0,69,Perdida,Precio,,0.0,0.0,0.0,45
Q-00824,Empresa C-0002,Consumo masivo,Regalos de fin de año,2025-07-20,2025-12-08,9349000.0,50,Perdida,Precio,,0.0,0.0,0.0,45
Q-00825,Empresa C-0236,Financiero,Obsequios a clientes,2025-07-21,2025-08-03,12938000.0,73,Ganada,,,12322000.0,9861000.0,326000.0,60
Q-00826,Empresa C-0001,Inmobiliario y construcción,Obsequios a clientes,2025-07-21,2025-08-04,5274000.0,31,Ganada,,,5023000.0,4055000.0,188000.0,60
Q-00827,Empresa C-0179,Salud,Regalos de fin de año,2025-07-22,2025-12-18,1433000.0,10,Ganada,,,1365000.0,1073000.0,56000.0,45
Q-00828,Empresa C-0233,Salud,Regalos de fin de año,2025-07-22,2025-11-22,9272000.0,69,Perdida,Tiempo de entrega,,0.0,0.0,0.0,45
Q-00829,Empresa C-0023,Automotriz,Obsequios a clientes,2025-07-23,2025-08-08,5352000.0,43,Perdida,Precio,,0.0,0.0,0.0,45
Q-00830,Empresa C-0003,Financiero,Regalos de fin de año,2025-07-23,2025-12-06,11234000.0,67,Perdida,Precio,,0.0,0.0,0.0,45
Q-00831,Empresa C-0413,Automotriz,Regalos de fin de año,2025-07-23,2025-12-02,2226000.0,11,Ganada,,,2120000.0,1684000.0,85000.0,60
Q-00832,Empresa C-0043,Gremios y asociaciones,Regalos de fin de año,2025-07-24,2025-08-25,7678000.0,42,Perdida,Precio,,0.0,0.0,0.0,30
Q-00833,Empresa C-0540,Consumo masivo,Regalos de fin de año,2025-07-25,2025-12-08,2831000.0,20,Ganada,,,2696000.0,2122000.0,117000.0,45
Q-00834,Empresa C-0011,Inmobiliario y construcción,Cata privada,2025-07-25,2025-12-05,4462000.0,22,Perdida,Tiempo de entrega,,0.0,0.0,0.0,60
Q-00835,Empresa C-0097,Automotriz,Regalos de fin de año,2025-07-26,2025-12-02,6716000.0,41,Perdida,Precio,,0.0,0.0,0.0,60
Q-00836,Empresa C-0013,Tecnología,Regalos de fin de año,2025-07-26,2025-12-17,6850000.0,35,Ganada,,,6524000.0,5169000.0,283000.0,30
Q-00837,Empresa C-0401,Consumo masivo,Regalos de fin de año,2025-07-26,2025-11-23,1592000.0,8,Ganada,,,1516000.0,1159000.0,50000.0,30
Q-00838,Empresa C-0038,Energía y minería,Regalos de fin de año,2025-07-26,2025-12-02,999000.0,6,Perdida,Precio,,0.0,0.0,0.0,45
Q-00839,Empresa C-0002,Financiero,Regalos de fin de año,2025-07-26,2025-12-11,2061000.0,12,Perdida,Precio,,0.0,0.0,0.0,45
Q-00840,Empresa C-0005,Tecnología,Cata privada,2025-07-26,2025-09-06,658000.0,5,Ganada,,,627000.0,491000.0,30000.0,60
Q-00841,Empresa C-0005,Energía y minería,Evento corporativo,2025-07-27,2025-12-12,1737000.0,13,Ganada,,,1654000.0,1249000.0,74000.0,60
Q-00842,Empresa C-0273,Financiero,Boda o celebración privada,2025-07-27,2025-08-09,9041000.0,48,Perdida,Se fue con el proveedor de siempre,,0.0,0.0,0.0,45
Q-00843,Empresa C-0029,Tecnología,Regalos de fin de año,2025-07-27,2025-11-02,1466000.0,9,Ganada,,,1396000.0,1044000.0,60000.0,45
Q-00844,Empresa C-0403,Salud,Regalos de fin de año,2025-07-27,2025-12-09,2495000.0,17,Ganada,,,2376000.0,1854000.0,96000.0,45
Q-00845,Empresa C-0023,Financiero,Boda o celebración privada,2025-07-27,2025-12-10,4102000.0,22,Perdida,Se fue con el proveedor de siempre,,0.0,0.0,0.0,30
Q-00846,Empresa C-0004,Energía y minería,Obsequios a clientes,2025-07-28,2025-09-03,1173000.0,10,Perdida,Precio,,0.0,0.0,0.0,30
Q-00847,Empresa C-0664,Inmobiliario y construcción,Regalos de fin de año,2025-07-28,2025-12-04,4287000.0,23,Ganada,,,4083000.0,3091000.0,125000.0,45
Q-00848,Empresa C-0554,Inmobiliario y construcción,Regalos de fin de año,2025-07-28,2025-12-16,5822000.0,31,Ganada,,,5545000.0,4215000.0,228000.0,45
Q-00849,Empresa C-0003,Gremios y asociaciones,Regalos de fin de año,2025-07-28,2025-12-15,1779000.0,13,Ganada,,,1694000.0,1286000.0,84000.0,30
Q-00850,Empresa C-0292,Tecnología,Regalos de fin de año,2025-07-29,2025-12-12,624000.0,4,Perdida,Precio,,0.0,0.0,0.0,30
Q-00851,Empresa C-0026,Tecnología,Regalos de fin de año,2025-07-29,2025-12-12,4655000.0,28,Perdida,Precio,,0.0,0.0,0.0,30
Q-00852,Empresa C-0001,Tecnología,Regalos de fin de año,2025-07-29,2025-12-15,24075000.0,135,Ganada,,,22929000.0,17381000.0,996000.0,45
Q-00853,Empresa C-0003,Gremios y asociaciones,Cata privada,2025-07-30,2025-12-20,4514000.0,24,Ganada,,,4299000.0,3396000.0,157000.0,30
Q-00854,Empresa C-0600,Tecnología,Regalos de fin de año,2025-07-30,2025-11-11,3110000.0,18,Ganada,,,2962000.0,2397000.0,144000.0,60
Q-00855,Empresa C-0141,Energía y minería,Regalos de fin de año,2025-07-30,2025-12-18,600000.0,4,Perdida,Tiempo de entrega,,0.0,0.0,0.0,30
Q-00856,Empresa C-0075,Inmobiliario y construcción,Regalos de fin de año,2025-07-30,2025-11-01,600000.0,4,Perdida,Tiempo de entrega,,0.0,0.0,0.0,45
Q-00857,Empresa C-0037,Consumo masivo,Boda o celebración privada,2025-07-31,2025-09-13,9303000.0,57,Ganada,,,8860000.0,6700000.0,380000.0,60
Q-00858,Empresa C-0691,Inmobiliario y construcción,Evento corporativo,2025-07-31,2025-11-05,9251000.0,63,Perdida,Precio,,0.0,0.0,0.0,45
Q-00859,Empresa C-0168,Inmobiliario y construcción,Obsequios a clientes,2025-08-01,2025-11-22,2237000.0,16,Ganada,,,2130000.0,1619000.0,77000.0,30
Q-00860,Empresa C-0664,Financiero,Boda o celebración privada,2025-08-01,2025-12-20,6004000.0,47,Perdida,Tiempo de entrega,,0.0,0.0,0.0,60
Q-00861,Empresa C-0592,Gremios y asociaciones,Regalos de fin de año,2025-08-01,2025-11-20,7006000.0,38,Perdida,Cobertura fuera de Bogotá,,0.0,0.0,0.0,45
Q-00862,Empresa C-0003,Inmobiliario y construcción,Regalos de fin de año,2025-08-01,2025-11-21,18506000.0,111,Ganada,,,17625000.0,13304000.0,678000.0,30
Q-00863,Empresa C-0054,Automotriz,Regalos de fin de año,2025-08-01,2025-12-02,1944000.0,13,Perdida,Precio,,0.0,0.0,0.0,60
Q-00864,Empresa C-0489,Consultoría y legal,Regalos de fin de año,2025-08-02,2025-12-05,2476000.0,12,Perdida,Precio,,0.0,0.0,0.0,30
Q-00865,Empresa C-0005,Tecnología,Regalos de fin de año,2025-08-02,2025-11-04,3530000.0,17,Perdida,Precio,,0.0,0.0,0.0,90
Q-00866,Empresa C-0005,Financiero,Regalos de fin de año,2025-08-02,2025-11-08,2020000.0,12,Ganada,,,1924000.0,1556000.0,67000.0,30
Q-00867,Empresa C-0395,Financiero,Boda o celebración privada,2025-08-02,2025-11-16,1462000.0,10,Ganada,,,1392000.0,1124000.0,41000.0,60
Q-00868,Empresa C-0379,Inmobiliario y construcción,Regalos de fin de año,2025-08-02,2025-09-07,3289000.0,24,Ganada,,,3132000.0,2429000.0,141000.0,30
Q-00869,Empresa C-0235,Consultoría y legal,Regalos de fin de año,2025-08-02,2025-08-12,3651000.0,19,Ganada,,,3477000.0,2729000.0,131000.0,45
Q-00870,Empresa C-0487,Consultoría y legal,Regalos de fin de año,2025-08-02,2025-12-10,18672000.0,105,Ganada,,,17783000.0,13984000.0,638000.0,45
Q-00871,Empresa C-0070,Inmobiliario y construcción,Regalos de fin de año,2025-08-03,2025-08-17,3864000.0,18,Ganada,,,3680000.0,2893000.0,123000.0,30
Q-00872,Empresa C-0008,Energía y minería,Regalos de fin de año,2025-08-03,2025-12-11,7219000.0,46,Perdida,Sin respuesta del cliente,,0.0,0.0,0.0,60
Q-00873,Empresa C-0010,Gremios y asociaciones,Regalos de fin de año,2025-08-03,2025-09-12,1862000.0,10,Perdida,Precio,,0.0,0.0,0.0,30
Q-00874,Empresa C-0010,Salud,Regalos de fin de año,2025-08-04,2025-12-05,3054000.0,25,Perdida,Precio,,0.0,0.0,0.0,30
Q-00875,Empresa C-0198,Salud,Regalos de fin de año,2025-08-04,2025-09-04,33191000.0,243,Perdida,Tiempo de entrega,,0.0,0.0,0.0,60
Q-00876,Empresa C-0108,Financiero,Cata privada,2025-08-04,2025-09-04,5996000.0,48,Perdida,Precio,,0.0,0.0,0.0,45
Q-00877,Empresa C-0175,Tecnología,Regalos de fin de año,2025-08-05,2025-12-12,3353000.0,27,Ganada,,,3193000.0,2523000.0,97000.0,45
Q-00878,Empresa C-0433,Inmobiliario y construcción,Regalos de fin de año,2025-08-05,2025-11-16,2566000.0,18,Ganada,,,2444000.0,1891000.0,89000.0,45
Q-00879,Empresa C-0214,Salud,Regalos de fin de año,2025-08-05,2025-12-18,4438000.0,28,Perdida,Cobertura fuera de Bogotá,,0.0,0.0,0.0,45
Q-00880,Empresa C-0004,Consultoría y legal,Regalos de fin de año,2025-08-06,2025-11-09,1554000.0,8,Ganada,,,1480000.0,1152000.0,60000.0,45
Q-00881,Empresa C-0003,Consumo masivo,Regalos de fin de año,2025-08-06,2025-12-01,849000.0,6,Ganada,,,809000.0,647000.0,20000.0,30
Q-00882,Empresa C-0470,Consultoría y legal,Boda o celebración privada,2025-08-06,2025-09-13,1765000.0,9,Perdida,Se fue con el proveedor de siempre,,0.0,0.0,0.0,45
Q-00883,Empresa C-0246,Consumo masivo,Regalos de fin de año,2025-08-06,2025-09-11,3888000.0,28,Ganada,,,3703000.0,2949000.0,177000.0,90
Q-00884,Empresa C-0004,Salud,Evento corporativo,2025-08-06,2025-09-14,954000.0,7,Perdida,Precio,,0.0,0.0,0.0,60
Q-00885,Empresa C-0148,Salud,Regalos de fin de año,2025-08-06,2025-12-06,1343000.0,9,Perdida,Tiempo de entrega,,0.0,0.0,0.0,60
Q-00886,Empresa C-0009,Consumo masivo,Obsequios a clientes,2025-08-06,2025-11-01,8660000.0,55,Perdida,Tiempo de entrega,,0.0,0.0,0.0,60
Q-00887,Empresa C-0018,Tecnología,Regalos de fin de año,2025-08-07,2025-09-08,627000.0,5,Ganada,,,597000.0,462000.0,25000.0,30
Q-00888,Empresa C-0324,Energía y minería,Evento corporativo,2025-08-07,2025-11-03,10048000.0,59,Perdida,Se fue con el proveedor de siempre,,0.0,0.0,0.0,45
Q-00889,Empresa C-0459,Tecnología,Regalos de fin de año,2025-08-07,2025-12-10,15988000.0,127,Ganada,,,15227000.0,11672000.0,399000.0,45
Q-00890,Empresa C-0361,Inmobiliario y construcción,Regalos de fin de año,2025-08-07,2025-12-10,1000000.0,6,Perdida,Se fue con el proveedor de siempre,,0.0,0.0,0.0,60
Q-00891,Empresa C-0015,Financiero,Regalos de fin de año,2025-08-07,2025-09-08,3433000.0,18,Ganada,,,3270000.0,2594000.0,129000.0,30
Q-00892,Empresa C-0306,Consultoría y legal,Evento corporativo,2025-08-07,2025-11-27,600000.0,5,Perdida,Se fue con el proveedor de siempre,,0.0,0.0,0.0,60
Q-00893,Empresa C-0001,Financiero,Regalos de fin de año,2025-08-07,2025-12-12,795000.0,6,Perdida,Tiempo de entrega,,0.0,0.0,0.0,90
Q-00894,Empresa C-0066,Consultoría y legal,Regalos de fin de año,2025-08-08,2025-11-09,1435000.0,11,Perdida,Precio,,0.0,0.0,0.0,45
Q-00895,Empresa C-0200,Financiero,Regalos de fin de año,2025-08-08,2025-11-13,789000.0,5,Ganada,,,751000.0,600000.0,24000.0,30
Q-00896,Empresa C-0048,Salud,Regalos de fin de año,2025-08-08,2025-12-19,4314000.0,34,Perdida,Precio,,0.0,0.0,0.0,45
Q-00897,Empresa C-0151,Energía y minería,Cata privada,2025-08-08,2025-09-06,7989000.0,53,Perdida,Sin respuesta del cliente,,0.0,0.0,0.0,45
Q-00898,Empresa C-0663,Consumo masivo,Regalos de fin de año,2025-08-08,2025-12-15,11114000.0,91,Ganada,,,10585000.0,8320000.0,335000.0,45
Q-00899,Empresa C-0150,Financiero,Regalos de fin de año,2025-08-08,2025-09-02,2713000.0,22,Ganada,,,2584000.0,1990000.0,78000.0,30
Q-00900,Empresa C-0012,Consumo masivo,Regalos de fin de año,2025-08-09,2025-12-02,605000.0,4,Perdida,Tiempo de entrega,,0.0,0.0,0.0,45
Q-00901,Empresa C-0018,Inmobiliario y construcción,Evento corporativo,2025-08-09,2025-08-23,6838000.0,35,Perdida,Precio,,0.0,0.0,0.0,30
Q-00902,Empresa C-0126,Tecnología,Obsequios a clientes,2025-08-09,2025-08-24,14526000.0,85,Ganada,,,13834000.0,10278000.0,401000.0,45
Q-00903,Empresa C-0056,Consumo masivo,Regalos de fin de año,2025-08-09,2025-12-11,1088000.0,7,Perdida,Precio,,0.0,0.0,0.0,45
Q-00904,Empresa C-0446,Financiero,Evento corporativo,2025-08-09,2025-09-10,12988000.0,96,Ganada,,,12370000.0,9784000.0,574000.0,60
Q-00905,Empresa C-0001,Inmobiliario y construcción,Regalos de fin de año,2025-08-09,2025-11-15,4311000.0,25,Ganada,,,4106000.0,3048000.0,143000.0,45
Q-00906,Empresa C-0024,Energía y minería,Regalos de fin de año,2025-08-09,2025-12-14,6061000.0,29,Ganada,,,5772000.0,4426000.0,276000.0,45
Q-00907,Empresa C-0020,Automotriz,Regalos de fin de año,2025-08-09,2025-12-18,1727000.0,10,Perdida,Se fue con el proveedor de siempre,,0.0,0.0,0.0,30
Q-00908,Empresa C-0666,Financiero,Regalos de fin de año,2025-08-10,2025-12-16,1067000.0,5,Perdida,Sin respuesta del cliente,,0.0,0.0,0.0,60
Q-00909,Empresa C-0370,Financiero,Regalos de fin de año,2025-08-11,2025-12-07,2754000.0,20,Ganada,,,2623000.0,2031000.0,105000.0,45
Q-00910,Empresa C-0338,Gremios y asociaciones,Obsequios a clientes,2025-08-11,2025-09-15,5380000.0,42,Perdida,Precio,,0.0,0.0,0.0,45
Q-00911,Empresa C-0012,Inmobiliario y construcción,Evento corporativo,2025-08-12,2025-09-09,1047000.0,8,Perdida,Precio,,0.0,0.0,0.0,30
Q-00912,Empresa C-0030,Energía y minería,Obsequios a clientes,2025-08-12,2025-09-24,1729000.0,11,Perdida,Se fue con el proveedor de siempre,,0.0,0.0,0.0,90
Q-00913,Empresa C-0027,Gremios y asociaciones,Regalos de fin de año,2025-08-12,2025-12-05,5576000.0,28,Ganada,,,5310000.0,4229000.0,229000.0,30
Q-00914,Empresa C-0208,Financiero,Regalos de fin de año,2025-08-12,2025-09-25,5742000.0,39,Perdida,Sin respuesta del cliente,,0.0,0.0,0.0,45
Q-00915,Empresa C-0064,Inmobiliario y construcción,Obsequios a clientes,2025-08-12,2025-09-03,3632000.0,23,Perdida,Tiempo de entrega,,0.0,0.0,0.0,90
Q-00916,Empresa C-0198,Salud,Boda o celebración privada,2025-08-12,2025-08-24,4300000.0,20,Ganada,,,4095000.0,3046000.0,126000.0,90
Q-00917,Empresa C-0586,Consultoría y legal,Boda o celebración privada,2025-08-12,2025-09-15,5079000.0,28,Ganada,,,4837000.0,3737000.0,185000.0,30
Q-00918,Empresa C-0279,Consultoría y legal,Regalos de fin de año,2025-08-13,2025-12-20,1341000.0,9,Perdida,Sin respuesta del cliente,,0.0,0.0,0.0,90
Q-00919,Empresa C-0405,Consultoría y legal,Regalos de fin de año,2025-08-13,2025-12-09,5410000.0,29,Ganada,,,5152000.0,4043000.0,146000.0,30
Q-00920,Empresa C-0073,Energía y minería,Regalos de fin de año,2025-08-13,2025-08-27,4743000.0,32,Perdida,Se fue con el proveedor de siempre,,0.0,0.0,0.0,45
Q-00921,Empresa C-0002,Salud,Evento corporativo,2025-08-14,2025-09-08,8292000.0,42,Perdida,Precio,,0.0,0.0,0.0,60
Q-00922,Empresa C-0005,Energía y minería,Regalos de fin de año,2025-08-14,2025-12-19,4558000.0,29,Ganada,,,4341000.0,3400000.0,154000.0,60
Q-00923,Empresa C-0321,Tecnología,Regalos de fin de año,2025-08-14,2025-12-06,4521000.0,37,Perdida,Cobertura fuera de Bogotá,,0.0,0.0,0.0,45
Q-00924,Empresa C-0169,Inmobiliario y construcción,Regalos de fin de año,2025-08-15,2025-12-10,1123000.0,8,Ganada,,,1070000.0,849000.0,35000.0,60
Q-00925,Empresa C-0444,Automotriz,Evento corporativo,2025-08-15,2025-12-20,2782000.0,14,Perdida,Tiempo de entrega,,0.0,0.0,0.0,45
Q-00926,Empresa C-0505,Inmobiliario y construcción,Evento corporativo,2025-08-15,2025-09-12,8056000.0,63,Perdida,Se fue con el proveedor de siempre,,0.0,0.0,0.0,60
Q-00927,Empresa C-0220,Gremios y asociaciones,Regalos de fin de año,2025-08-16,2025-09-18,8366000.0,43,Perdida,Precio,,0.0,0.0,0.0,30
Q-00928,Empresa C-0666,Inmobiliario y construcción,Regalos de fin de año,2025-08-16,2025-12-05,3381000.0,20,Perdida,Cobertura fuera de Bogotá,,0.0,0.0,0.0,60
Q-00929,Empresa C-0007,Automotriz,Regalos de fin de año,2025-08-16,2025-09-11,12127000.0,69,Perdida,Se fue con el proveedor de siempre,,0.0,0.0,0.0,45
Q-00930,Empresa C-0274,Gremios y asociaciones,Regalos de fin de año,2025-08-16,2025-12-11,2693000.0,13,Ganada,,,2565000.0,2029000.0,77000.0,60
Q-00931,Empresa C-0370,Financiero,Regalos de fin de año,2025-08-17,2025-11-20,1570000.0,8,Perdida,Tiempo de entrega,,0.0,0.0,0.0,90
Q-00932,Empresa C-0239,Automotriz,Regalos de fin de año,2025-08-17,2025-12-08,10375000.0,53,Ganada,,,9881000.0,7621000.0,432000.0,45
Q-00933,Empresa C-0557,Inmobiliario y construcción,Regalos de fin de año,2025-08-17,2025-12-10,5382000.0,40,Ganada,,,5126000.0,4146000.0,184000.0,45
Q-00934,Empresa C-0002,Tecnología,Cata privada,2025-08-17,2025-09-22,1765000.0,10,Perdida,Tiempo de entrega,,0.0,0.0,0.0,30
Q-00935,Empresa C-0113,Automotriz,Regalos de fin de año,2025-08-17,2025-11-16,2720000.0,22,Ganada,,,2590000.0,2098000.0,128000.0,45
Q-00936,Empresa C-0001,Gremios y asociaciones,Regalos de fin de año,2025-08-17,2025-12-06,17582000.0,136,Perdida,Precio,,0.0,0.0,0.0,30
Q-00937,Empresa C-0020,Salud,Regalos de fin de año,2025-08-18,2025-12-13,9847000.0,60,Perdida,Tiempo de entrega,,0.0,0.0,0.0,45
Q-00938,Empresa C-0154,Educación,Regalos de fin de año,2025-08-18,2025-12-13,3199000.0,17,Ganada,,,3047000.0,2317000.0,82000.0,60
Q-00939,Empresa C-0042,Salud,Regalos de fin de año,2025-08-18,2025-09-13,2000000.0,16,Perdida,Precio,,0.0,0.0,0.0,45
Q-00940,Empresa C-0217,Automotriz,Regalos de fin de año,2025-08-18,2025-12-16,5161000.0,41,Ganada,,,4915000.0,3846000.0,204000.0,45
Q-00941,Empresa C-0367,Gremios y asociaciones,Regalos de fin de año,2025-08-18,2025-12-09,41088000.0,215,Perdida,Precio,,0.0,0.0,0.0,30
Q-00942,Empresa C-0595,Automotriz,Regalos de fin de año,2025-08-18,2025-09-05,872000.0,5,Perdida,Se fue con el proveedor de siempre,,0.0,0.0,0.0,30
Q-00943,Empresa C-0043,Automotriz,Cata privada,2025-08-18,2025-12-15,3023000.0,18,Perdida,Sin respuesta del cliente,,0.0,0.0,0.0,30
Q-00944,Empresa C-0200,Energía y minería,Cata privada,2025-08-19,2025-11-07,3599000.0,24,Perdida,Se fue con el proveedor de siempre,,0.0,0.0,0.0,30
Q-00945,Empresa C-0010,Consultoría y legal,Regalos de fin de año,2025-08-19,2025-09-12,6005000.0,46,Perdida,Se fue con el proveedor de siempre,,0.0,0.0,0.0,45
Q-00946,Empresa C-0075,Financiero,Regalos de fin de año,2025-08-19,2025-12-01,2302000.0,13,Ganada,,,2192000.0,1722000.0,106000.0,45
Q-00947,Empresa C-0005,Consultoría y legal,Obsequios a clientes,2025-08-19,2025-11-27,600000.0,4,Perdida,Precio,,0.0,0.0,0.0,90
Q-00948,Empresa C-0039,Automotriz,Regalos de fin de año,2025-08-19,2025-11-20,8496000.0,50,Perdida,Precio,,0.0,0.0,0.0,30
Q-00949,Empresa C-0005,Financiero,Regalos de fin de año,2025-08-19,2025-12-17,1210000.0,8,Ganada,,,1152000.0,858000.0,38000.0,90
Q-00950,Empresa C-0077,Consultoría y legal,Regalos de fin de año,2025-08-20,2025-12-08,3344000.0,19,Perdida,Precio,,0.0,0.0,0.0,90
Q-00951,Empresa C-0011,Financiero,Regalos de fin de año,2025-08-20,2025-11-08,1445000.0,7,Perdida,Precio,,0.0,0.0,0.0,90
Q-00952,Empresa C-0003,Energía y minería,Cata privada,2025-08-20,2025-12-09,10456000.0,63,Ganada,,,9958000.0,7620000.0,453000.0,45
Q-00953,Empresa C-0010,Inmobiliario y construcción,Regalos de fin de año,2025-08-21,2025-11-09,35494000.0,215,Ganada,,,33804000.0,26211000.0,984000.0,45
Q-00954,Empresa C-0474,Consultoría y legal,Obsequios a clientes,2025-08-21,2025-09-18,10626000.0,79,Perdida,Cobertura fuera de Bogotá,,0.0,0.0,0.0,45
Q-00955,Empresa C-0020,Consumo masivo,Evento corporativo,2025-08-21,2025-09-21,11662000.0,77,Perdida,Tiempo de entrega,,0.0,0.0,0.0,45
Q-00956,Empresa C-0001,Financiero,Obsequios a clientes,2025-08-21,2025-11-26,806000.0,5,Ganada,,,768000.0,586000.0,24000.0,45
Q-00957,Empresa C-0384,Automotriz,Regalos de fin de año,2025-08-21,2025-12-04,4191000.0,33,Perdida,Se fue con el proveedor de siempre,,0.0,0.0,0.0,45
Q-00958,Empresa C-0162,Gremios y asociaciones,Boda o celebración privada,2025-08-21,2025-09-20,7440000.0,38,Ganada,,,7086000.0,5354000.0,235000.0,30
Q-00959,Empresa C-0010,Energía y minería,Regalos de fin de año,2025-08-21,2025-11-12,3716000.0,21,Perdida,Cobertura fuera de Bogotá,,0.0,0.0,0.0,45
Q-00960,Empresa C-0015,Inmobiliario y construcción,Regalos de fin de año,2025-08-21,2025-11-12,4686000.0,31,Ganada,,,4463000.0,3580000.0,135000.0,60
Q-00961,Empresa C-0006,Automotriz,Regalos de fin de año,2025-08-21,2025-12-04,8369000.0,44,Ganada,,,7970000.0,6185000.0,342000.0,45
Q-00962,Empresa C-0348,Educación,Regalos de fin de año,2025-08-22,2025-10-04,3616000.0,18,Ganada,,,3444000.0,2788000.0,118000.0,45
Q-00963,Empresa C-0002,Salud,Regalos de fin de año,2025-08-22,2025-11-09,8318000.0,68,Perdida,Tiempo de entrega,,0.0,0.0,0.0,45
Q-00964,Empresa C-0421,Educación,Regalos de fin de año,2025-08-22,2025-12-18,1952000.0,11,Perdida,Se fue con el proveedor de siempre,,0.0,0.0,0.0,60
Q-00965,Empresa C-0011,Energía y minería,Regalos de fin de año,2025-08-22,2025-11-22,1060000.0,5,Ganada,,,1010000.0,772000.0,36000.0,45
Q-00966,Empresa C-0420,Financiero,Regalos de fin de año,2025-08-22,2025-12-01,12746000.0,63,Perdida,Sin respuesta del cliente,,0.0,0.0,0.0,90
Q-00967,Empresa C-0009,Automotriz,Regalos de fin de año,2025-08-22,2025-12-03,1932000.0,13,Ganada,,,1840000.0,1469000.0,75000.0,45
Q-00968,Empresa C-0438,Gremios y asociaciones,Regalos de fin de año,2025-08-22,2025-09-16,10582000.0,70,Perdida,Se fue con el proveedor de siempre,,0.0,0.0,0.0,90
Q-00969,Empresa C-0039,Consumo masivo,Evento corporativo,2025-08-23,2025-10-01,32273000.0,177,Perdida,Sin respuesta del cliente,,0.0,0.0,0.0,90
Q-00970,Empresa C-0023,Automotriz,Regalos de fin de año,2025-08-23,2025-11-25,8307000.0,46,Perdida,Se fue con el proveedor de siempre,,0.0,0.0,0.0,60
Q-00971,Empresa C-0113,Consumo masivo,Regalos de fin de año,2025-08-23,2025-11-03,6547000.0,39,Perdida,Precio,,0.0,0.0,0.0,30
Q-00972,Empresa C-0109,Consultoría y legal,Regalos de fin de año,2025-08-23,2025-09-02,1284000.0,7,Ganada,,,1223000.0,962000.0,33000.0,60
Q-00973,Empresa C-0172,Consultoría y legal,Boda o celebración privada,2025-08-23,2025-09-16,7122000.0,35,Ganada,,,6783000.0,5338000.0,198000.0,45
Q-00974,Empresa C-0034,Tecnología,Boda o celebración privada,2025-08-24,2025-12-20,2198000.0,13,Perdida,Se fue con el proveedor de siempre,,0.0,0.0,0.0,60
Q-00975,Empresa C-0060,Financiero,Regalos de fin de año,2025-08-24,2025-12-10,1023000.0,8,Ganada,,,974000.0,737000.0,29000.0,45
Q-00976,Empresa C-0094,Consultoría y legal,Regalos de fin de año,2025-08-24,2025-12-05,7865000.0,40,Ganada,,,7490000.0,5734000.0,328000.0,45
Q-00977,Empresa C-0093,Automotriz,Regalos de fin de año,2025-08-25,2025-12-01,12943000.0,89,Perdida,Sin respuesta del cliente,,0.0,0.0,0.0,60
Q-00978,Empresa C-0161,Consumo masivo,Regalos de fin de año,2025-08-25,2025-10-05,6046000.0,32,Perdida,Precio,,0.0,0.0,0.0,60
Q-00979,Empresa C-0098,Gremios y asociaciones,Evento corporativo,2025-08-25,2025-09-13,1892000.0,10,Ganada,,,1802000.0,1357000.0,82000.0,30
Q-00980,Empresa C-0004,Educación,Obsequios a clientes,2025-08-25,2025-09-09,40637000.0,298,Ganada,,,38702000.0,29389000.0,1249000.0,30
Q-00981,Empresa C-0397,Educación,Regalos de fin de año,2025-08-25,2025-11-16,8894000.0,71,Perdida,Sin respuesta del cliente,,0.0,0.0,0.0,45
Q-00982,Empresa C-0405,Inmobiliario y construcción,Regalos de fin de año,2025-08-26,2025-12-16,1241000.0,9,Perdida,Tiempo de entrega,,0.0,0.0,0.0,90
Q-00983,Empresa C-0273,Salud,Obsequios a clientes,2025-08-26,2025-09-14,1135000.0,6,Perdida,Precio,,0.0,0.0,0.0,60
Q-00984,Empresa C-0006,Financiero,Regalos de fin de año,2025-08-26,2025-09-09,1544000.0,9,Perdida,Tiempo de entrega,,0.0,0.0,0.0,60
Q-00985,Empresa C-0009,Gremios y asociaciones,Regalos de fin de año,2025-08-26,2025-12-11,1254000.0,8,Perdida,Se fue con el proveedor de siempre,,0.0,0.0,0.0,45
Q-00986,Empresa C-0687,Automotriz,Regalos de fin de año,2025-08-26,2025-12-10,3590000.0,29,Perdida,Tiempo de entrega,,0.0,0.0,0.0,45
Q-00987,Empresa C-0003,Financiero,Boda o celebración privada,2025-08-27,2025-12-10,1451000.0,10,Ganada,,,1382000.0,1045000.0,43000.0,45
Q-00988,Empresa C-0052,Financiero,Evento corporativo,2025-08-27,2025-10-08,3452000.0,26,Ganada,,,3288000.0,2486000.0,94000.0,45
Q-00989,Empresa C-0079,Automotriz,Regalos de fin de año,2025-08-28,2025-11-10,864000.0,4,Perdida,Tiempo de entrega,,0.0,0.0,0.0,30
Q-00990,Empresa C-0532,Consumo masivo,Boda o celebración privada,2025-08-28,2025-09-19,18108000.0,90,Ganada,,,17246000.0,13026000.0,858000.0,60
Q-00991,Empresa C-0551,Educación,Regalos de fin de año,2025-08-28,2025-12-17,9872000.0,48,Perdida,Tiempo de entrega,,0.0,0.0,0.0,60
Q-00992,Empresa C-0163,Automotriz,Regalos de fin de año,2025-08-28,2025-11-07,4455000.0,36,Perdida,Tiempo de entrega,,0.0,0.0,0.0,45
Q-00993,Empresa C-0286,Inmobiliario y construcción,Regalos de fin de año,2025-08-29,2025-10-08,10190000.0,64,Perdida,Precio,,0.0,0.0,0.0,30
Q-00994,Empresa C-0215,Consultoría y legal,Regalos de fin de año,2025-08-29,2025-12-01,9366000.0,60,Ganada,,,8920000.0,7092000.0,291000.0,45
Q-00995,Empresa C-0020,Automotriz,Regalos de fin de año,2025-08-29,2025-10-03,24667000.0,125,Ganada,,,23492000.0,17976000.0,1165000.0,90
Q-00996,Empresa C-0002,Consumo masivo,Obsequios a clientes,2025-08-29,2025-10-03,5052000.0,36,Perdida,Tiempo de entrega,,0.0,0.0,0.0,60
Q-00997,Empresa C-0001,Energía y minería,Regalos de fin de año,2025-08-30,2025-12-20,10977000.0,67,Perdida,Precio,,0.0,0.0,0.0,60
Q-00998,Empresa C-0359,Energía y minería,Regalos de fin de año,2025-08-30,2025-11-09,8191000.0,64,Perdida,Precio,,0.0,0.0,0.0,45
Q-00999,Empresa C-0008,Financiero,Regalos de fin de año,2025-08-30,2025-11-05,1287000.0,9,Perdida,Tiempo de entrega,,0.0,0.0,0.0,60
Q-01000,Empresa C-0483,Tecnología,Boda o celebración privada,2025-08-30,2025-12-05,2237000.0,11,Ganada,,,2130000.0,1643000.0,96000.0,60
Q-01001,Empresa C-0577,Gremios y asociaciones,Regalos de fin de año,2025-08-31,2025-12-16,1677000.0,9,Perdida,Se fue con el proveedor de siempre,,0.0,0.0,0.0,30
Q-01002,Empresa C-0436,Automotriz,Regalos de fin de año,2025-08-31,2025-11-05,2158000.0,15,Perdida,Sin respuesta del cliente,,0.0,0.0,0.0,60
Q-01003,Empresa C-0014,Energía y minería,Evento corporativo,2025-08-31,2025-12-20,883000.0,5,Perdida,Cobertura fuera de Bogotá,,0.0,0.0,0.0,60
Q-01004,Empresa C-0044,Salud,Obsequios a clientes,2025-08-31,2025-11-12,25017000.0,177,Perdida,Sin respuesta del cliente,,0.0,0.0,0.0,30
Q-01005,Empresa C-0077,Tecnología,Regalos de fin de año,2025-08-31,2025-11-24,2592000.0,15,Perdida,Sin respuesta del cliente,,0.0,0.0,0.0,45
Q-01006,Empresa C-0025,Financiero,Regalos de fin de año,2025-08-31,2025-09-20,6606000.0,35,Ganada,,,6291000.0,4660000.0,214000.0,60
Q-01007,Empresa C-0211,Salud,Regalos de fin de año,2025-08-31,2025-09-14,836000.0,4,Perdida,Se fue con el proveedor de siempre,,0.0,0.0,0.0,45
Q-01008,Empresa C-0417,Energía y minería,Boda o celebración privada,2025-08-31,2025-09-17,688000.0,4,Perdida,Precio,,0.0,0.0,0.0,60
Q-01009,Empresa C-0023,Automotriz,Regalos de fin de año,2025-09-01,2025-11-15,15580000.0,123,Perdida,Cobertura fuera de Bogotá,,0.0,0.0,0.0,60
Q-01010,Empresa C-0072,Inmobiliario y construcción,Cata privada,2025-09-01,2025-10-09,5947000.0,46,Perdida,Precio,,0.0,0.0,0.0,90
Q-01011,Empresa C-0635,Consultoría y legal,Regalos de fin de año,2025-09-01,2025-11-24,692000.0,4,Perdida,Tiempo de entrega,,0.0,0.0,0.0,60
Q-01012,Empresa C-0014,Tecnología,Regalos de fin de año,2025-09-01,2025-12-15,1754000.0,10,Perdida,Se fue con el proveedor de siempre,,0.0,0.0,0.0,60
Q-01013,Empresa C-0592,Automotriz,Obsequios a clientes,2025-09-02,2025-10-13,5203000.0,29,Ganada,,,4955000.0,3788000.0,134000.0,45
Q-01014,Empresa C-0010,Tecnología,Boda o celebración privada,2025-09-02,2025-10-11,600000.0,4,Perdida,Precio,,0.0,0.0,0.0,45
Q-01015,Empresa C-0121,Consumo masivo,Regalos de fin de año,2025-09-02,2025-12-17,2317000.0,18,Perdida,Tiempo de entrega,,0.0,0.0,0.0,60
Q-01016,Empresa C-0084,Tecnología,Regalos de fin de año,2025-09-02,2025-12-09,3627000.0,17,Ganada,,,3454000.0,2788000.0,101000.0,45
Q-01017,Empresa C-0022,Tecnología,Regalos de fin de año,2025-09-02,2025-12-15,2219000.0,16,Perdida,Precio,,0.0,0.0,0.0,60
Q-01018,Empresa C-0141,Consultoría y legal,Evento corporativo,2025-09-03,2025-09-13,2589000.0,18,Perdida,Tiempo de entrega,,0.0,0.0,0.0,30
Q-01019,Empresa C-0037,Consultoría y legal,Regalos de fin de año,2025-09-03,2025-09-16,5966000.0,44,Perdida,Tiempo de entrega,,0.0,0.0,0.0,45
Q-01020,Empresa C-0064,Tecnología,Regalos de fin de año,2025-09-03,2025-12-07,6107000.0,44,Perdida,Tiempo de entrega,,0.0,0.0,0.0,60
Q-01021,Empresa C-0196,Financiero,Regalos de fin de año,2025-09-03,2025-12-14,3846000.0,20,Perdida,Se fue con el proveedor de siempre,,0.0,0.0,0.0,45
Q-01022,Empresa C-0222,Automotriz,Regalos de fin de año,2025-09-03,2025-12-16,5778000.0,36,Ganada,,,5503000.0,4377000.0,228000.0,90
Q-01023,Empresa C-0040,Tecnología,Regalos de fin de año,2025-09-04,2025-12-13,2220000.0,12,Perdida,Tiempo de entrega,,0.0,0.0,0.0,45
Q-01024,Empresa C-0021,Financiero,Obsequios a clientes,2025-09-04,2025-11-17,4114000.0,20,Perdida,Sin respuesta del cliente,,0.0,0.0,0.0,30
Q-01025,Empresa C-0064,Tecnología,Regalos de fin de año,2025-09-04,2025-12-11,1549000.0,8,Ganada,,,1475000.0,1099000.0,71000.0,45
Q-01026,Empresa C-0061,Gremios y asociaciones,Regalos de fin de año,2025-09-04,2025-11-25,1361000.0,7,Ganada,,,1296000.0,961000.0,45000.0,60
Q-01027,Empresa C-0238,Educación,Regalos de fin de año,2025-09-04,2025-12-17,2770000.0,18,Perdida,Precio,,0.0,0.0,0.0,30
Q-01028,Empresa C-0279,Inmobiliario y construcción,Regalos de fin de año,2025-09-05,2025-10-11,3313000.0,23,Ganada,,,3155000.0,2465000.0,113000.0,30
Q-01029,Empresa C-0001,Tecnología,Boda o celebración privada,2025-09-06,2025-10-06,1920000.0,16,Perdida,Sin respuesta del cliente,,0.0,0.0,0.0,45
Q-01030,Empresa C-0009,Gremios y asociaciones,Regalos de fin de año,2025-09-06,2025-11-19,1256000.0,8,Perdida,Se fue con el proveedor de siempre,,0.0,0.0,0.0,45
Q-01031,Empresa C-0015,Tecnología,Regalos de fin de año,2025-09-06,2025-09-23,7653000.0,42,Perdida,Se fue con el proveedor de siempre,,0.0,0.0,0.0,30
Q-01032,Empresa C-0007,Automotriz,Regalos de fin de año,2025-09-07,2025-11-16,3123000.0,16,Ganada,,,2974000.0,2202000.0,130000.0,45
Q-01033,Empresa C-0047,Consultoría y legal,Regalos de fin de año,2025-09-07,2025-11-27,15053000.0,76,Ganada,,,14336000.0,11000000.0,668000.0,45
Q-01034,Empresa C-0097,Tecnología,Regalos de fin de año,2025-09-07,2025-12-02,1955000.0,14,Perdida,Se fue con el proveedor de siempre,,0.0,0.0,0.0,30
Q-01035,Empresa C-0095,Gremios y asociaciones,Evento corporativo,2025-09-07,2025-10-08,13207000.0,99,Ganada,,,12578000.0,9961000.0,493000.0,60
Q-01036,Empresa C-0242,Tecnología,Regalos de fin de año,2025-09-08,2025-12-04,9773000.0,55,Perdida,Cobertura fuera de Bogotá,,0.0,0.0,0.0,45
Q-01037,Empresa C-0001,Tecnología,Regalos de fin de año,2025-09-08,2025-11-18,2565000.0,16,Ganada,,,2443000.0,1968000.0,84000.0,60
Q-01038,Empresa C-0001,Consultoría y legal,Boda o celebración privada,2025-09-08,2025-09-26,1478000.0,10,Ganada,,,1408000.0,1118000.0,41000.0,60
Q-01039,Empresa C-0117,Tecnología,Regalos de fin de año,2025-09-08,2025-12-20,12844000.0,83,Ganada,,,12232000.0,9140000.0,483000.0,45
Q-01040,Empresa C-0052,Financiero,Regalos de fin de año,2025-09-08,2025-12-14,3610000.0,26,Ganada,,,3438000.0,2769000.0,141000.0,60
Q-01041,Empresa C-0019,Salud,Regalos de fin de año,2025-09-08,2025-11-05,1559000.0,10,Ganada,,,1485000.0,1108000.0,42000.0,60
Q-01042,Empresa C-0364,Tecnología,Regalos de fin de año,2025-09-08,2025-11-06,5296000.0,30,Perdida,Tiempo de entrega,,0.0,0.0,0.0,30
Q-01043,Empresa C-0128,Salud,Boda o celebración privada,2025-09-08,2025-11-04,5995000.0,41,Ganada,,,5710000.0,4551000.0,219000.0,90
Q-01044,Empresa C-0003,Gremios y asociaciones,Regalos de fin de año,2025-09-08,2025-11-04,6676000.0,34,Ganada,,,6358000.0,4851000.0,250000.0,45
Q-01045,Empresa C-0039,Tecnología,Regalos de fin de año,2025-09-09,2025-12-06,1958000.0,11,Ganada,,,1865000.0,1480000.0,56000.0,45
Q-01046,Empresa C-0017,Financiero,Obsequios a clientes,2025-09-10,2025-11-10,2908000.0,14,Perdida,Se fue con el proveedor de siempre,,0.0,0.0,0.0,45
Q-01047,Empresa C-0061,Tecnología,Evento corporativo,2025-09-10,2025-10-02,3591000.0,24,Ganada,,,3420000.0,2652000.0,122000.0,45
Q-01048,Empresa C-0499,Consumo masivo,Obsequios a clientes,2025-09-10,2025-09-24,2483000.0,20,Perdida,Precio,,0.0,0.0,0.0,60
Q-01049,Empresa C-0535,Tecnología,Regalos de fin de año,2025-09-10,2025-12-12,5965000.0,49,Ganada,,,5681000.0,4390000.0,268000.0,60
Q-01050,Empresa C-0138,Consultoría y legal,Regalos de fin de año,2025-09-10,2025-12-05,1639000.0,13,Perdida,Precio,,0.0,0.0,0.0,60
Q-01051,Empresa C-0243,Energía y minería,Regalos de fin de año,2025-09-11,2025-12-11,7505000.0,41,Ganada,,,7148000.0,5602000.0,305000.0,45
Q-01052,Empresa C-0164,Educación,Regalos de fin de año,2025-09-11,2025-12-19,4050000.0,20,Perdida,Tiempo de entrega,,0.0,0.0,0.0,90
Q-01053,Empresa C-0010,Financiero,Regalos de fin de año,2025-09-12,2025-12-07,5997000.0,38,Perdida,Se fue con el proveedor de siempre,,0.0,0.0,0.0,30
Q-01054,Empresa C-0191,Inmobiliario y construcción,Regalos de fin de año,2025-09-12,2025-11-24,1339000.0,7,Perdida,Se fue con el proveedor de siempre,,0.0,0.0,0.0,45
Q-01055,Empresa C-0045,Tecnología,Regalos de fin de año,2025-09-12,2025-11-17,1466000.0,7,Ganada,,,1396000.0,1074000.0,66000.0,90
Q-01056,Empresa C-0037,Energía y minería,Regalos de fin de año,2025-09-12,2025-12-11,25544000.0,200,Ganada,,,24328000.0,18282000.0,1200000.0,45
Q-01057,Empresa C-0018,Financiero,Evento corporativo,2025-09-12,2025-10-10,6047000.0,31,Perdida,Sin respuesta del cliente,,0.0,0.0,0.0,30
Q-01058,Empresa C-0011,Salud,Evento corporativo,2025-09-12,2025-10-13,600000.0,4,Perdida,Precio,,0.0,0.0,0.0,45
Q-01059,Empresa C-0037,Energía y minería,Regalos de fin de año,2025-09-13,2025-12-08,3459000.0,21,Perdida,Se fue con el proveedor de siempre,,0.0,0.0,0.0,90
Q-01060,Empresa C-0294,Consultoría y legal,Regalos de fin de año,2025-09-13,2025-10-23,6699000.0,48,Perdida,Precio,,0.0,0.0,0.0,60
Q-01061,Empresa C-0534,Automotriz,Boda o celebración privada,2025-09-13,2025-11-04,3307000.0,22,Ganada,,,3150000.0,2444000.0,98000.0,60
Q-01062,Empresa C-0498,Salud,Evento corporativo,2025-09-13,2025-11-20,5049000.0,27,Ganada,,,4809000.0,3759000.0,152000.0,45
Q-01063,Empresa C-0097,Automotriz,Evento corporativo,2025-09-14,2025-12-16,876000.0,4,Perdida,Precio,,0.0,0.0,0.0,60
Q-01064,Empresa C-0003,Consultoría y legal,Regalos de fin de año,2025-09-14,2025-10-14,976000.0,5,Perdida,Se fue con el proveedor de siempre,,0.0,0.0,0.0,45
Q-01065,Empresa C-0294,Consumo masivo,Regalos de fin de año,2025-09-14,2025-12-03,9204000.0,55,Ganada,,,8766000.0,6861000.0,327000.0,30
Q-01066,Empresa C-0688,Financiero,Regalos de fin de año,2025-09-15,2025-10-20,2514000.0,18,Perdida,Sin respuesta del cliente,,0.0,0.0,0.0,30
Q-01067,Empresa C-0117,Financiero,Evento corporativo,2025-09-15,2025-12-14,4516000.0,27,Perdida,Precio,,0.0,0.0,0.0,30
Q-01068,Empresa C-0347,Financiero,Regalos de fin de año,2025-09-15,2025-12-05,3582000.0,25,Perdida,Se fue con el proveedor de siempre,,0.0,0.0,0.0,30
Q-01069,Empresa C-0221,Consumo masivo,Regalos de fin de año,2025-09-15,2025-12-03,14453000.0,71,Perdida,Tiempo de entrega,,0.0,0.0,0.0,60
Q-01070,Empresa C-0017,Tecnología,Regalos de fin de año,2025-09-15,2025-09-26,4616000.0,29,Ganada,,,4396000.0,3359000.0,130000.0,45
Q-01071,Empresa C-0114,Consumo masivo,Regalos de fin de año,2025-09-16,2025-09-27,5660000.0,29,Perdida,Sin respuesta del cliente,,0.0,0.0,0.0,45
Q-01072,Empresa C-0121,Consumo masivo,Regalos de fin de año,2025-09-16,2025-11-15,2851000.0,14,Perdida,Precio,,0.0,0.0,0.0,45
Q-01073,Empresa C-0648,Financiero,Regalos de fin de año,2025-09-16,2025-12-10,13815000.0,106,Perdida,Precio,,0.0,0.0,0.0,60
Q-01074,Empresa C-0045,Salud,Obsequios a clientes,2025-09-16,2025-10-24,4021000.0,24,Ganada,,,3830000.0,3023000.0,173000.0,30
Q-01075,Empresa C-0178,Tecnología,Regalos de fin de año,2025-09-16,2025-10-08,8277000.0,58,Perdida,Se fue con el proveedor de siempre,,0.0,0.0,0.0,60
Q-01076,Empresa C-0003,Inmobiliario y construcción,Regalos de fin de año,2025-09-16,2025-12-18,1213000.0,6,Ganada,,,1155000.0,883000.0,30000.0,60
Q-01077,Empresa C-0357,Inmobiliario y construcción,Regalos de fin de año,2025-09-17,2025-12-12,4610000.0,28,Perdida,Sin respuesta del cliente,,0.0,0.0,0.0,60
Q-01078,Empresa C-0014,Financiero,Regalos de fin de año,2025-09-17,2025-10-17,2537000.0,21,Perdida,Tiempo de entrega,,0.0,0.0,0.0,45
Q-01079,Empresa C-0003,Tecnología,Boda o celebración privada,2025-09-17,2025-11-27,8905000.0,52,Perdida,Sin respuesta del cliente,,0.0,0.0,0.0,45
Q-01080,Empresa C-0003,Gremios y asociaciones,Obsequios a clientes,2025-09-17,2025-12-13,4706000.0,30,Perdida,Precio,,0.0,0.0,0.0,30
Q-01081,Empresa C-0015,Consumo masivo,Regalos de fin de año,2025-09-17,2025-12-10,1573000.0,8,Perdida,Precio,,0.0,0.0,0.0,45
Q-01082,Empresa C-0666,Inmobiliario y construcción,Boda o celebración privada,2025-09-17,2025-09-27,3917000.0,19,Perdida,Precio,,0.0,0.0,0.0,45
Q-01083,Empresa C-0137,Salud,Regalos de fin de año,2025-09-17,2025-11-07,3092000.0,21,Ganada,,,2945000.0,2290000.0,105000.0,60
Q-01084,Empresa C-0482,Consultoría y legal,Evento corporativo,2025-09-17,2025-11-23,11737000.0,74,Perdida,Sin respuesta del cliente,,0.0,0.0,0.0,60
Q-01085,Empresa C-0383,Consultoría y legal,Obsequios a clientes,2025-09-18,2025-11-26,69241000.0,414,Perdida,Cobertura fuera de Bogotá,,0.0,0.0,0.0,45
Q-01086,Empresa C-0278,Inmobiliario y construcción,Regalos de fin de año,2025-09-19,2025-12-20,8094000.0,41,Ganada,,,7709000.0,6122000.0,249000.0,30
Q-01087,Empresa C-0575,Salud,Evento corporativo,2025-09-19,2025-10-03,738000.0,5,Perdida,Se fue con el proveedor de siempre,,0.0,0.0,0.0,45
Q-01088,Empresa C-0037,Consumo masivo,Regalos de fin de año,2025-09-19,2025-11-27,600000.0,4,Perdida,Se fue con el proveedor de siempre,,0.0,0.0,0.0,45
Q-01089,Empresa C-0057,Salud,Obsequios a clientes,2025-09-19,2025-10-21,2059000.0,12,Perdida,Se fue con el proveedor de siempre,,0.0,0.0,0.0,60
Q-01090,Empresa C-0103,Consumo masivo,Regalos de fin de año,2025-09-20,2025-10-24,1374000.0,8,Ganada,,,1309000.0,995000.0,53000.0,30
Q-01091,Empresa C-0002,Energía y minería,Regalos de fin de año,2025-09-20,2025-12-19,2440000.0,15,Ganada,,,2324000.0,1781000.0,96000.0,90
Q-01092,Empresa C-0012,Tecnología,Regalos de fin de año,2025-09-20,2025-11-23,3201000.0,26,Ganada,,,3049000.0,2288000.0,111000.0,90
Q-01093,Empresa C-0222,Salud,Evento corporativo,2025-09-21,2025-10-21,3685000.0,20,Perdida,Cobertura fuera de Bogotá,,0.0,0.0,0.0,90
Q-01094,Empresa C-0155,Financiero,Regalos de fin de año,2025-09-21,2025-12-11,1410000.0,7,Ganada,,,1343000.0,1022000.0,41000.0,30
Q-01095,Empresa C-0074,Energía y minería,Regalos de fin de año,2025-09-21,2025-10-16,2627000.0,20,Perdida,Tiempo de entrega,,0.0,0.0,0.0,45
Q-01096,Empresa C-0580,Tecnología,Evento corporativo,2025-09-21,2025-10-13,3694000.0,20,Perdida,Precio,,0.0,0.0,0.0,45
Q-01097,Empresa C-0009,Automotriz,Regalos de fin de año,2025-09-21,2025-12-14,10365000.0,57,Perdida,Precio,,0.0,0.0,0.0,90
Q-01098,Empresa C-0319,Consultoría y legal,Regalos de fin de año,2025-09-22,2025-11-17,817000.0,6,Perdida,Se fue con el proveedor de siempre,,0.0,0.0,0.0,30
Q-01099,Empresa C-0453,Salud,Evento corporativo,2025-09-22,2025-12-15,600000.0,5,Perdida,Tiempo de entrega,,0.0,0.0,0.0,45
Q-01100,Empresa C-0121,Financiero,Regalos de fin de año,2025-09-22,2025-12-05,1989000.0,11,Perdida,Sin respuesta del cliente,,0.0,0.0,0.0,30
Q-01101,Empresa C-0304,Financiero,Boda o celebración privada,2025-09-22,2025-10-19,4098000.0,27,Perdida,Se fue con el proveedor de siempre,,0.0,0.0,0.0,45
Q-01102,Empresa C-0015,Salud,Regalos de fin de año,2025-09-22,2025-12-20,8087000.0,47,Perdida,Sin respuesta del cliente,,0.0,0.0,0.0,45
Q-01103,Empresa C-0542,Educación,Regalos de fin de año,2025-09-22,2025-11-23,859000.0,6,Ganada,,,818000.0,629000.0,26000.0,60
Q-01104,Empresa C-0084,Educación,Obsequios a clientes,2025-09-23,2025-10-24,5385000.0,33,Perdida,Precio,,0.0,0.0,0.0,45
Q-01105,Empresa C-0286,Automotriz,Obsequios a clientes,2025-09-23,2025-10-03,6551000.0,33,Perdida,Precio,,0.0,0.0,0.0,60
Q-01106,Empresa C-0640,Financiero,Regalos de fin de año,2025-09-23,2025-12-03,6192000.0,31,Perdida,Sin respuesta del cliente,,0.0,0.0,0.0,60
Q-01107,Empresa C-0002,Inmobiliario y construcción,Regalos de fin de año,2025-09-23,2025-11-13,5399000.0,29,Perdida,Precio,,0.0,0.0,0.0,45
Q-01108,Empresa C-0159,Financiero,Regalos de fin de año,2025-09-24,2025-12-05,4108000.0,30,Perdida,Se fue con el proveedor de siempre,,0.0,0.0,0.0,45
Q-01109,Empresa C-0019,Inmobiliario y construcción,Cata privada,2025-09-24,2025-12-07,1731000.0,9,Ganada,,,1649000.0,1262000.0,58000.0,60
Q-01110,Empresa C-0003,Automotriz,Cata privada,2025-09-24,2025-10-06,877000.0,5,Perdida,Precio,,0.0,0.0,0.0,30
Q-01111,Empresa C-0215,Tecnología,Obsequios a clientes,2025-09-24,2025-10-13,3352000.0,16,Perdida,Cobertura fuera de Bogotá,,0.0,0.0,0.0,45
Q-01112,Empresa C-0323,Salud,Obsequios a clientes,2025-09-24,2025-10-15,15395000.0,105,Perdida,Se fue con el proveedor de siempre,,0.0,0.0,0.0,90
Q-01113,Empresa C-0213,Inmobiliario y construcción,Boda o celebración privada,2025-09-24,2025-10-23,3513000.0,25,Perdida,Precio,,0.0,0.0,0.0,30
Q-01114,Empresa C-0478,Financiero,Regalos de fin de año,2025-09-25,2025-11-01,18373000.0,126,Perdida,Precio,,0.0,0.0,0.0,60
Q-01115,Empresa C-0028,Energía y minería,Regalos de fin de año,2025-09-25,2025-10-17,2641000.0,22,Ganada,,,2515000.0,1887000.0,114000.0,45
Q-01116,Empresa C-0004,Financiero,Regalos de fin de año,2025-09-25,2025-12-14,2274000.0,11,Ganada,,,2166000.0,1685000.0,85000.0,30
Q-01117,Empresa C-0015,Energía y minería,Regalos de fin de año,2025-09-25,2025-11-16,600000.0,5,Ganada,,,571000.0,440000.0,24000.0,60
Q-01118,Empresa C-0162,Inmobiliario y construcción,Regalos de fin de año,2025-09-25,2025-12-16,6228000.0,38,Ganada,,,5931000.0,4420000.0,170000.0,30
Q-01119,Empresa C-0448,Automotriz,Regalos de fin de año,2025-09-25,2025-12-14,2485000.0,18,Ganada,,,2367000.0,1911000.0,114000.0,60
Q-01120,Empresa C-0491,Salud,Regalos de fin de año,2025-09-25,2025-11-06,6269000.0,32,Perdida,Se fue con el proveedor de siempre,,0.0,0.0,0.0,45
Q-01121,Empresa C-0198,Salud,Boda o celebración privada,2025-09-25,2025-11-08,3063000.0,24,Ganada,,,2917000.0,2296000.0,82000.0,45
Q-01122,Empresa C-0279,Automotriz,Regalos de fin de año,2025-09-25,2025-10-17,5654000.0,32,Perdida,Se fue con el proveedor de siempre,,0.0,0.0,0.0,30
Q-01123,Empresa C-0523,Consultoría y legal,Regalos de fin de año,2025-09-26,2025-12-06,20666000.0,117,Perdida,Precio,,0.0,0.0,0.0,60
Q-01124,Empresa C-0630,Financiero,Obsequios a clientes,2025-09-26,2025-12-19,4457000.0,25,Ganada,,,4245000.0,3320000.0,130000.0,30
Q-01125,Empresa C-0008,Salud,Regalos de fin de año,2025-09-26,2025-12-07,3876000.0,30,Ganada,,,3691000.0,2841000.0,100000.0,30
Q-01126,Empresa C-0007,Salud,Regalos de fin de año,2025-09-26,2025-10-26,3034000.0,20,Perdida,Tiempo de entrega,,0.0,0.0,0.0,60
Q-01127,Empresa C-0277,Financiero,Regalos de fin de año,2025-09-26,2025-12-02,2718000.0,16,Ganada,,,2589000.0,1956000.0,103000.0,60
Q-01128,Empresa C-0048,Automotriz,Cata privada,2025-09-26,2025-10-27,23372000.0,149,Ganada,,,22259000.0,17994000.0,651000.0,45
Q-01129,Empresa C-0013,Consumo masivo,Cata privada,2025-09-27,2025-12-03,4996000.0,33,Ganada,,,4758000.0,3810000.0,199000.0,45
Q-01130,Empresa C-0174,Educación,Obsequios a clientes,2025-09-27,2025-10-20,22056000.0,125,Perdida,Sin respuesta del cliente,,0.0,0.0,0.0,90
Q-01131,Empresa C-0028,Financiero,Regalos de fin de año,2025-09-27,2025-11-20,925000.0,5,Ganada,,,881000.0,653000.0,31000.0,60
Q-01132,Empresa C-0033,Consumo masivo,Regalos de fin de año,2025-09-28,2025-11-10,2942000.0,21,Perdida,Sin respuesta del cliente,,0.0,0.0,0.0,30
Q-01133,Empresa C-0004,Salud,Regalos de fin de año,2025-09-28,2025-11-08,6952000.0,53,Ganada,,,6621000.0,4910000.0,220000.0,45
Q-01134,Empresa C-0006,Tecnología,Regalos de fin de año,2025-09-28,2025-11-16,2392000.0,13,Perdida,Tiempo de entrega,,0.0,0.0,0.0,60
Q-01135,Empresa C-0216,Automotriz,Regalos de fin de año,2025-09-29,2025-11-22,776000.0,5,Perdida,Tiempo de entrega,,0.0,0.0,0.0,45
Q-01136,Empresa C-0093,Tecnología,Evento corporativo,2025-09-30,2025-10-18,8464000.0,46,Perdida,Se fue con el proveedor de siempre,,0.0,0.0,0.0,60
Q-01137,Empresa C-0002,Tecnología,Cata privada,2025-09-30,2025-11-05,3947000.0,24,Ganada,,,3759000.0,3014000.0,157000.0,45
Q-01138,Empresa C-0172,Tecnología,Obsequios a clientes,2025-09-30,2025-10-16,1146000.0,8,Perdida,Precio,,0.0,0.0,0.0,30
Q-01139,Empresa C-0005,Inmobiliario y construcción,Regalos de fin de año,2025-10-01,2025-10-12,2234000.0,12,Ganada,,,2128000.0,1690000.0,58000.0,60
Q-01140,Empresa C-0054,Energía y minería,Regalos de fin de año,2025-10-01,2025-12-03,4245000.0,22,Perdida,Sin respuesta del cliente,,0.0,0.0,0.0,30
Q-01141,Empresa C-0196,Salud,Regalos de fin de año,2025-10-01,2025-12-20,10519000.0,51,Perdida,Precio,,0.0,0.0,0.0,30
Q-01142,Empresa C-0336,Gremios y asociaciones,Evento corporativo,2025-10-02,2025-11-03,2891000.0,23,Ganada,,,2753000.0,2134000.0,101000.0,45
Q-01143,Empresa C-0273,Educación,Regalos de fin de año,2025-10-02,2025-10-14,3703000.0,20,Perdida,Sin respuesta del cliente,,0.0,0.0,0.0,90
Q-01144,Empresa C-0493,Tecnología,Regalos de fin de año,2025-10-03,2025-12-05,3137000.0,17,Perdida,Se fue con el proveedor de siempre,,0.0,0.0,0.0,45
Q-01145,Empresa C-0318,Inmobiliario y construcción,Regalos de fin de año,2025-10-03,2025-10-21,4072000.0,34,Perdida,Se fue con el proveedor de siempre,,0.0,0.0,0.0,30
Q-01146,Empresa C-0012,Consumo masivo,Regalos de fin de año,2025-10-03,2025-10-17,1975000.0,11,Perdida,Cobertura fuera de Bogotá,,0.0,0.0,0.0,90
Q-01147,Empresa C-0003,Gremios y asociaciones,Regalos de fin de año,2025-10-03,2025-12-13,954000.0,6,Perdida,Tiempo de entrega,,0.0,0.0,0.0,45
Q-01148,Empresa C-0459,Consumo masivo,Regalos de fin de año,2025-10-03,2025-12-07,10495000.0,51,Ganada,,,9995000.0,7466000.0,492000.0,45
Q-01149,Empresa C-0463,Tecnología,Regalos de fin de año,2025-10-03,2025-12-16,1497000.0,8,Ganada,,,1426000.0,1128000.0,70000.0,45
Q-01150,Empresa C-0508,Automotriz,Regalos de fin de año,2025-10-04,2025-11-03,2589000.0,14,Ganada,,,2466000.0,1857000.0,66000.0,45
Q-01151,Empresa C-0002,Energía y minería,Regalos de fin de año,2025-10-04,2025-12-13,8548000.0,61,Perdida,Precio,,0.0,0.0,0.0,60
Q-01152,Empresa C-0171,Inmobiliario y construcción,Obsequios a clientes,2025-10-05,2025-12-01,7219000.0,35,Perdida,Sin respuesta del cliente,,0.0,0.0,0.0,45
Q-01153,Empresa C-0009,Consultoría y legal,Regalos de fin de año,2025-10-05,2025-12-18,4436000.0,24,Ganada,,,4225000.0,3181000.0,168000.0,60
Q-01154,Empresa C-0046,Automotriz,Boda o celebración privada,2025-10-05,2025-12-06,3165000.0,22,Perdida,Precio,,0.0,0.0,0.0,30
Q-01155,Empresa C-0662,Consultoría y legal,Cata privada,2025-10-05,2025-10-25,2438000.0,12,Ganada,,,2322000.0,1795000.0,96000.0,60
Q-01156,Empresa C-0642,Automotriz,Regalos de fin de año,2025-10-05,2025-12-16,10176000.0,52,Perdida,Tiempo de entrega,,0.0,0.0,0.0,45
Q-01157,Empresa C-0117,Financiero,Regalos de fin de año,2025-10-05,2025-12-06,4716000.0,23,Ganada,,,4491000.0,3433000.0,119000.0,45
Q-01158,Empresa C-0397,Inmobiliario y construcción,Regalos de fin de año,2025-10-05,2025-10-17,25981000.0,129,Perdida,Se fue con el proveedor de siempre,,0.0,0.0,0.0,60
Q-01159,Empresa C-0495,Energía y minería,Regalos de fin de año,2025-10-06,2025-12-20,2354000.0,13,Perdida,Sin respuesta del cliente,,0.0,0.0,0.0,60
Q-01160,Empresa C-0060,Gremios y asociaciones,Cata privada,2025-10-06,2025-10-18,5900000.0,37,Ganada,,,5619000.0,4487000.0,148000.0,45
Q-01161,Empresa C-0012,Financiero,Obsequios a clientes,2025-10-07,2025-10-26,3228000.0,24,Perdida,Sin respuesta del cliente,,0.0,0.0,0.0,60
Q-01162,Empresa C-0116,Financiero,Regalos de fin de año,2025-10-07,2025-12-15,9289000.0,60,Perdida,Tiempo de entrega,,0.0,0.0,0.0,90
Q-01163,Empresa C-0001,Tecnología,Regalos de fin de año,2025-10-07,2025-11-15,5075000.0,25,Ganada,,,4833000.0,3749000.0,172000.0,45
Q-01164,Empresa C-0401,Salud,Regalos de fin de año,2025-10-07,2025-11-21,1145000.0,6,Perdida,Sin respuesta del cliente,,0.0,0.0,0.0,45
Q-01165,Empresa C-0385,Automotriz,Regalos de fin de año,2025-10-07,2025-11-22,21366000.0,144,Perdida,Se fue con el proveedor de siempre,,0.0,0.0,0.0,30
Q-01166,Empresa C-0051,Consultoría y legal,Regalos de fin de año,2025-10-07,2025-12-05,3616000.0,22,Perdida,Se fue con el proveedor de siempre,,0.0,0.0,0.0,45
Q-01167,Empresa C-0276,Inmobiliario y construcción,Evento corporativo,2025-10-08,2025-11-12,9640000.0,58,Ganada,,,9181000.0,7275000.0,351000.0,30
Q-01168,Empresa C-0030,Financiero,Regalos de fin de año,2025-10-08,2025-11-13,6165000.0,49,Ganada,,,5871000.0,4521000.0,177000.0,60
Q-01169,Empresa C-0463,Gremios y asociaciones,Evento corporativo,2025-10-08,2025-12-07,1729000.0,13,Ganada,,,1647000.0,1223000.0,43000.0,45
Q-01170,Empresa C-0226,Inmobiliario y construcción,Regalos de fin de año,2025-10-08,2025-11-23,4470000.0,34,Ganada,,,4257000.0,3279000.0,198000.0,30
Q-01171,Empresa C-0068,Gremios y asociaciones,Regalos de fin de año,2025-10-09,2025-12-20,7564000.0,49,Perdida,Se fue con el proveedor de siempre,,0.0,0.0,0.0,60
Q-01172,Empresa C-0428,Consumo masivo,Regalos de fin de año,2025-10-10,2025-10-26,1598000.0,13,Perdida,Tiempo de entrega,,0.0,0.0,0.0,30
Q-01173,Empresa C-0147,Consumo masivo,Regalos de fin de año,2025-10-10,2025-12-14,600000.0,4,Ganada,,,571000.0,458000.0,25000.0,30
Q-01174,Empresa C-0003,Salud,Cata privada,2025-10-10,2025-12-14,6718000.0,43,Perdida,Sin respuesta del cliente,,0.0,0.0,0.0,30
Q-01175,Empresa C-0092,Financiero,Regalos de fin de año,2025-10-10,2025-11-09,2596000.0,16,Ganada,,,2472000.0,1890000.0,101000.0,45
Q-01176,Empresa C-0075,Inmobiliario y construcción,Regalos de fin de año,2025-10-11,2025-12-09,14136000.0,83,Perdida,Precio,,0.0,0.0,0.0,60
Q-01177,Empresa C-0290,Salud,Regalos de fin de año,2025-10-11,2025-11-17,14244000.0,75,Perdida,Cobertura fuera de Bogotá,,0.0,0.0,0.0,45
Q-01178,Empresa C-0016,Tecnología,Regalos de fin de año,2025-10-11,2025-11-07,4420000.0,26,Perdida,Se fue con el proveedor de siempre,,0.0,0.0,0.0,60
Q-01179,Empresa C-0060,Educación,Regalos de fin de año,2025-10-11,2025-11-14,4043000.0,25,Perdida,Tiempo de entrega,,0.0,0.0,0.0,30
Q-01180,Empresa C-0252,Consumo masivo,Regalos de fin de año,2025-10-12,2025-11-27,1329000.0,10,Perdida,Se fue con el proveedor de siempre,,0.0,0.0,0.0,30
Q-01181,Empresa C-0251,Salud,Regalos de fin de año,2025-10-12,2025-12-11,1081000.0,6,Perdida,Precio,,0.0,0.0,0.0,30
Q-01182,Empresa C-0244,Educación,Regalos de fin de año,2025-10-13,2025-12-15,7969000.0,45,Ganada,,,7590000.0,6049000.0,216000.0,30
Q-01183,Empresa C-0004,Financiero,Regalos de fin de año,2025-10-13,2025-12-14,1247000.0,10,Perdida,Tiempo de entrega,,0.0,0.0,0.0,60
Q-01184,Empresa C-0299,Salud,Regalos de fin de año,2025-10-13,2025-11-26,3088000.0,18,Perdida,Se fue con el proveedor de siempre,,0.0,0.0,0.0,45
Q-01185,Empresa C-0197,Financiero,Regalos de fin de año,2025-10-14,2025-12-11,15025000.0,75,Ganada,,,14310000.0,10885000.0,570000.0,30
Q-01186,Empresa C-0174,Financiero,Regalos de fin de año,2025-10-15,2025-11-22,2350000.0,13,Perdida,Sin respuesta del cliente,,0.0,0.0,0.0,45
Q-01187,Empresa C-0052,Consultoría y legal,Regalos de fin de año,2025-10-16,2025-12-20,17201000.0,84,Perdida,Sin respuesta del cliente,,0.0,0.0,0.0,60
Q-01188,Empresa C-0106,Tecnología,Boda o celebración privada,2025-10-17,2025-11-17,9729000.0,64,Perdida,Sin respuesta del cliente,,0.0,0.0,0.0,30
Q-01189,Empresa C-0295,Energía y minería,Regalos de fin de año,2025-10-17,2025-11-26,7502000.0,46,Perdida,Precio,,0.0,0.0,0.0,30
Q-01190,Empresa C-0205,Tecnología,Evento corporativo,2025-10-19,2025-12-07,1087000.0,7,Perdida,Sin respuesta del cliente,,0.0,0.0,0.0,45
Q-01191,Empresa C-0593,Tecnología,Regalos de fin de año,2025-10-19,2025-12-12,6598000.0,32,Perdida,Se fue con el proveedor de siempre,,0.0,0.0,0.0,45
Q-01192,Empresa C-0599,Consumo masivo,Regalos de fin de año,2025-10-19,2025-12-08,1435000.0,10,Ganada,,,1367000.0,1079000.0,40000.0,60
Q-01193,Empresa C-0657,Automotriz,Regalos de fin de año,2025-10-19,2025-12-02,8317000.0,44,Ganada,,,7921000.0,6400000.0,277000.0,30
Q-01194,Empresa C-0006,Tecnología,Regalos de fin de año,2025-10-20,2025-12-14,1560000.0,11,Ganada,,,1486000.0,1148000.0,70000.0,45
Q-01195,Empresa C-0119,Energía y minería,Regalos de fin de año,2025-10-21,2025-12-01,3721000.0,27,Ganada,,,3544000.0,2849000.0,149000.0,30
Q-01196,Empresa C-0002,Consultoría y legal,Obsequios a clientes,2025-10-21,2025-12-16,6774000.0,45,Perdida,Precio,,0.0,0.0,0.0,30
Q-01197,Empresa C-0302,Energía y minería,Obsequios a clientes,2025-10-21,2025-12-08,1093000.0,7,Ganada,,,1041000.0,772000.0,47000.0,30
Q-01198,Empresa C-0392,Salud,Regalos de fin de año,2025-10-22,2025-12-05,2439000.0,14,Perdida,Precio,,0.0,0.0,0.0,45
Q-01199,Empresa C-0001,Financiero,Regalos de fin de año,2025-10-22,2025-12-16,6179000.0,31,Perdida,Sin respuesta del cliente,,0.0,0.0,0.0,45
Q-01200,Empresa C-0192,Tecnología,Regalos de fin de año,2025-10-22,2025-12-07,1621000.0,11,Perdida,Tiempo de entrega,,0.0,0.0,0.0,45
Q-01201,Empresa C-0010,Automotriz,Regalos de fin de año,2025-10-22,2025-11-25,1239000.0,7,Perdida,Precio,,0.0,0.0,0.0,60
Q-01202,Empresa C-0005,Educación,Regalos de fin de año,2025-10-25,2025-12-13,894000.0,6,Ganada,,,851000.0,687000.0,36000.0,45
Q-01203,Empresa C-0008,Financiero,Evento corporativo,2025-10-25,2025-12-05,2816000.0,14,Perdida,Precio,,0.0,0.0,0.0,60
Q-01204,Empresa C-0023,Financiero,Obsequios a clientes,2025-10-25,2025-11-25,600000.0,4,Ganada,,,571000.0,428000.0,27000.0,45
Q-01205,Empresa C-0004,Tecnología,Regalos de fin de año,2025-10-26,2025-12-15,12369000.0,71,Ganada,,,11780000.0,9251000.0,419000.0,60
Q-01206,Empresa C-0008,Salud,Regalos de fin de año,2025-10-27,2025-12-19,3053000.0,21,Perdida,Sin respuesta del cliente,,0.0,0.0,0.0,90
Q-01207,Empresa C-0014,Inmobiliario y construcción,Regalos de fin de año,2025-10-28,2025-12-12,913000.0,6,Perdida,Tiempo de entrega,,0.0,0.0,0.0,90
Q-01208,Empresa C-0006,Financiero,Regalos de fin de año,2025-10-28,2025-12-20,6598000.0,47,Ganada,,,6284000.0,4862000.0,178000.0,45
Q-01209,Empresa C-0346,Consultoría y legal,Regalos de fin de año,2025-10-28,2025-12-06,1692000.0,10,Ganada,,,1611000.0,1197000.0,56000.0,45
Q-01210,Empresa C-0051,Inmobiliario y construcción,Regalos de fin de año,2025-10-29,2025-12-05,790000.0,6,Ganada,,,752000.0,559000.0,34000.0,60
Q-01211,Empresa C-0249,Gremios y asociaciones,Regalos de fin de año,2025-10-29,2025-12-19,2761000.0,17,Perdida,Precio,,0.0,0.0,0.0,45
Q-01212,Empresa C-0278,Tecnología,Regalos de fin de año,2025-10-29,2025-12-05,1899000.0,12,Perdida,Sin respuesta del cliente,,0.0,0.0,0.0,60
Q-01213,Empresa C-0033,Financiero,Evento corporativo,2025-10-29,2025-12-14,622000.0,5,Ganada,,,592000.0,456000.0,17000.0,45
Q-01214,Empresa C-0003,Consumo masivo,Regalos de fin de año,2025-10-31,2025-12-08,6525000.0,37,Perdida,Sin respuesta del cliente,,0.0,0.0,0.0,60
Q-01215,Empresa C-0020,Salud,Regalos de fin de año,2025-11-01,2025-12-03,11785000.0,57,Perdida,Tiempo de entrega,,0.0,0.0,0.0,30
Q-01216,Empresa C-0002,Consultoría y legal,Regalos de fin de año,2025-11-02,2025-12-19,1643000.0,12,Perdida,Tiempo de entrega,,0.0,0.0,0.0,45
Q-01217,Empresa C-0230,Energía y minería,Regalos de fin de año,2025-11-03,2025-12-13,4225000.0,28,Perdida,Sin respuesta del cliente,,0.0,0.0,0.0,30
Q-01218,Empresa C-0099,Tecnología,Regalos de fin de año,2025-11-04,2025-12-06,13857000.0,78,Perdida,Cobertura fuera de Bogotá,,0.0,0.0,0.0,45
Q-01219,Empresa C-0004,Tecnología,Regalos de fin de año,2025-11-04,2025-12-06,7227000.0,50,Perdida,Precio,,0.0,0.0,0.0,60
Q-01220,Empresa C-0005,Tecnología,Cata privada,2025-11-05,2025-12-03,4762000.0,34,Ganada,,,4535000.0,3495000.0,144000.0,90
Q-01221,Empresa C-0005,Financiero,Regalos de fin de año,2025-11-05,2025-12-08,2153000.0,17,Ganada,,,2050000.0,1624000.0,97000.0,30
Q-01222,Empresa C-0007,Financiero,Regalos de fin de año,2025-11-06,2025-12-07,1664000.0,13,Perdida,Sin respuesta del cliente,,0.0,0.0,0.0,90
Q-01223,Empresa C-0041,Consumo masivo,Regalos de fin de año,2025-11-06,2025-12-08,1904000.0,10,Perdida,Se fue con el proveedor de siempre,,0.0,0.0,0.0,45
Q-01224,Empresa C-0002,Inmobiliario y construcción,Regalos de fin de año,2025-11-06,2025-12-11,4516000.0,29,Perdida,Precio,,0.0,0.0,0.0,60
Q-01225,Empresa C-0003,Inmobiliario y construcción,Regalos de fin de año,2025-11-06,2025-12-15,4928000.0,28,Ganada,,,4693000.0,3786000.0,162000.0,45
Q-01226,Empresa C-0001,Tecnología,Regalos de fin de año,2025-11-09,2025-12-07,29389000.0,158,Ganada,,,27990000.0,21264000.0,1048000.0,45
Q-01227,Empresa C-0432,Educación,Regalos de fin de año,2025-11-09,2025-12-12,4207000.0,32,Ganada,,,4007000.0,3125000.0,105000.0,45
Q-01228,Empresa C-0216,Consultoría y legal,Regalos de fin de año,2025-11-09,2025-12-18,2459000.0,16,Ganada,,,2342000.0,1860000.0,73000.0,45
Q-01229,Empresa C-0004,Inmobiliario y construcción,Regalos de fin de año,2025-11-10,2025-12-12,14367000.0,114,Perdida,Se fue con el proveedor de siempre,,0.0,0.0,0.0,45
Q-01230,Empresa C-0038,Inmobiliario y construcción,Regalos de fin de año,2025-11-10,2025-12-15,7755000.0,45,Perdida,Precio,,0.0,0.0,0.0,30
Q-01231,Empresa C-0264,Salud,Regalos de fin de año,2025-11-14,2025-12-18,1103000.0,8,Perdida,Precio,,0.0,0.0,0.0,90
Q-01232,Empresa C-0512,Financiero,Regalos de fin de año,2025-11-14,2025-12-19,4194000.0,28,Perdida,Tiempo de entrega,,0.0,0.0,0.0,30
Q-01233,Empresa C-0286,Financiero,Regalos de fin de año,2025-11-15,2025-12-13,73291000.0,540,Perdida,Tiempo de entrega,,0.0,0.0,0.0,60
Q-01234,Empresa C-0117,Gremios y asociaciones,Regalos de fin de año,2025-11-17,2025-12-14,7929000.0,53,Ganada,,,7551000.0,5647000.0,223000.0,60
Q-01235,Empresa C-0628,Financiero,Regalos de fin de año,2025-11-17,2025-12-19,8672000.0,44,Perdida,Precio,,0.0,0.0,0.0,45
Q-01236,Empresa C-0589,Financiero,Cata privada,2025-11-20,2025-12-20,12355000.0,65,Perdida,Se fue con el proveedor de siempre,,0.0,0.0,0.0,45
Q-01237,Empresa C-0160,Educación,Regalos de fin de año,2025-11-21,2025-12-17,25670000.0,141,Perdida,Se fue con el proveedor de siempre,,0.0,0.0,0.0,60
Q-01238,Empresa C-0182,Salud,Regalos de fin de año,2025-11-24,2025-12-20,6097000.0,41,Ganada,,,5807000.0,4510000.0,212000.0,45
Q-01239,Empresa C-0054,Salud,Regalos de fin de año,2025-11-25,2026-01-06,1095000.0,6,Perdida,Precio,,0.0,0.0,0.0,45
Q-01240,Empresa C-0014,Consumo masivo,Regalos de fin de año,2025-11-29,2026-01-07,24528000.0,122,Perdida,Precio,,0.0,0.0,0.0,45
Q-01241,Empresa C-0074,Tecnología,Regalos de fin de año,2025-11-29,2026-01-11,3567000.0,27,Perdida,Sin respuesta del cliente,,0.0,0.0,0.0,60
Q-01242,Empresa C-0126,Salud,Cata privada,2025-11-29,2026-01-01,3902000.0,25,Perdida,Tiempo de entrega,,0.0,0.0,0.0,60
Q-01243,Empresa C-0048,Salud,Obsequios a clientes,2025-12-03,2026-01-08,7388000.0,48,Ganada,,,7036000.0,5384000.0,225000.0,45
Q-01244,Empresa C-0001,Tecnología,Regalos de fin de año,2025-12-05,2026-01-01,2532000.0,14,Perdida,Tiempo de entrega,,0.0,0.0,0.0,45
Q-01245,Empresa C-0029,Financiero,Evento corporativo,2025-12-06,2026-01-18,1871000.0,9,Ganada,,,1782000.0,1353000.0,77000.0,45
Q-01246,Empresa C-0208,Tecnología,Regalos de fin de año,2025-12-11,2026-01-11,11189000.0,71,Perdida,Cobertura fuera de Bogotá,,0.0,0.0,0.0,45
Q-01247,Empresa C-0342,Tecnología,Boda o celebración privada,2025-12-11,2026-01-17,5170000.0,37,Perdida,Sin respuesta del cliente,,0.0,0.0,0.0,60
Q-01248,Empresa C-0671,Educación,Regalos de fin de año,2025-12-12,2026-01-16,3992000.0,21,Perdida,Sin respuesta del cliente,,0.0,0.0,0.0,30
Q-01249,Empresa C-0022,Tecnología,Evento corporativo,2025-12-16,2026-01-16,3399000.0,19,Ganada,,,3237000.0,2588000.0,115000.0,30
Q-01250,Empresa C-0010,Consultoría y legal,Regalos de fin de año,2025-12-17,2026-01-21,9204000.0,55,Perdida,Precio,,0.0,0.0,0.0,90
Q-01251,Empresa C-0011,Tecnología,Obsequios a clientes,2025-12-19,2026-01-14,16170000.0,78,Ganada,,,15400000.0,11530000.0,434000.0,60
Q-01252,Empresa C-0604,Inmobiliario y construcción,Cata privada,2025-12-20,2026-02-01,2549000.0,14,Perdida,Sin respuesta del cliente,,0.0,0.0,0.0,45
Q-01253,Empresa C-0445,Consultoría y legal,Evento corporativo,2025-12-20,2026-01-15,5631000.0,37,Ganada,,,5363000.0,4142000.0,253000.0,30
Q-01254,Empresa C-0247,Financiero,Regalos de fin de año,2025-12-20,2026-01-20,1515000.0,8,Ganada,,,1443000.0,1157000.0,60000.0,60
Q-01255,Empresa C-0450,Automotriz,Obsequios a clientes,2025-12-22,2026-01-20,3091000.0,17,Perdida,Sin respuesta del cliente,,0.0,0.0,0.0,45
Q-01256,Empresa C-0030,Educación,Regalos de fin de año,2025-12-22,2026-01-11,2338000.0,16,Ganada,,,2227000.0,1754000.0,57000.0,60
Q-01257,Empresa C-0281,Tecnología,Cata privada,2025-12-24,2026-01-05,8197000.0,54,Perdida,Tiempo de entrega,,0.0,0.0,0.0,60
Q-01258,Empresa C-0004,Automotriz,Regalos de fin de año,2025-12-26,2026-01-13,6029000.0,40,Perdida,Se fue con el proveedor de siempre,,0.0,0.0,0.0,45
Q-01259,Empresa C-0266,Financiero,Cata privada,2025-12-27,2026-01-23,16450000.0,95,Perdida,Cobertura fuera de Bogotá,,0.0,0.0,0.0,30
Q-01260,Empresa C-0226,Energía y minería,Evento corporativo,2025-12-29,2026-01-24,7025000.0,54,Ganada,,,6690000.0,5235000.0,289000.0,60
Q-01261,Empresa C-0039,Financiero,Regalos de fin de año,2025-12-29,2026-01-22,2482000.0,13,Ganada,,,2364000.0,1851000.0,110000.0,60
Q-01262,Empresa C-0029,Tecnología,Evento corporativo,2025-12-29,2026-01-23,13180000.0,90,Perdida,Sin respuesta del cliente,,0.0,0.0,0.0,45
Q-01263,Empresa C-0001,Consultoría y legal,Regalos de fin de año,2025-12-30,2026-01-19,13855000.0,103,Ganada,,,13195000.0,10451000.0,625000.0,30
Q-01264,Empresa C-0001,Salud,Evento corporativo,2025-12-31,2026-02-11,14942000.0,96,Perdida,Se fue con el proveedor de siempre,,0.0,0.0,0.0,30
Q-01265,Empresa C-0060,Automotriz,Regalos de fin de año,2026-01-01,2026-02-03,7890000.0,38,Perdida,Precio,,0.0,0.0,0.0,30
Q-01266,Empresa C-0356,Inmobiliario y construcción,Regalos de fin de año,2026-01-02,2026-01-20,5096000.0,24,Perdida,Precio,,0.0,0.0,0.0,90
Q-01267,Empresa C-0527,Educación,Regalos de fin de año,2026-01-02,2026-02-03,3038000.0,18,Ganada,,,2893000.0,2271000.0,107000.0,60
Q-01268,Empresa C-0079,Gremios y asociaciones,Regalos de fin de año,2026-01-05,2026-02-09,5111000.0,28,Perdida,Cobertura fuera de Bogotá,,0.0,0.0,0.0,60
Q-01269,Empresa C-0653,Gremios y asociaciones,Regalos de fin de año,2026-01-06,2026-02-05,3307000.0,20,Perdida,Precio,,0.0,0.0,0.0,45
Q-01270,Empresa C-0007,Salud,Boda o celebración privada,2026-01-06,2026-02-13,7143000.0,41,Ganada,,,6803000.0,5464000.0,198000.0,60
Q-01271,Empresa C-0001,Inmobiliario y construcción,Regalos de fin de año,2026-01-07,2026-02-05,1484000.0,9,Ganada,,,1413000.0,1073000.0,62000.0,45
Q-01272,Empresa C-0009,Gremios y asociaciones,Evento corporativo,2026-01-09,2026-02-05,1660000.0,9,Perdida,Tiempo de entrega,,0.0,0.0,0.0,45
Q-01273,Empresa C-0149,Consultoría y legal,Boda o celebración privada,2026-01-09,2026-02-05,6812000.0,33,Perdida,Precio,,0.0,0.0,0.0,90
Q-01274,Empresa C-0052,Educación,Regalos de fin de año,2026-01-11,2026-02-11,8412000.0,41,Ganada,,,8011000.0,6050000.0,275000.0,45
Q-01275,Empresa C-0305,Financiero,Regalos de fin de año,2026-01-14,2026-02-20,8575000.0,48,Ganada,,,8167000.0,6261000.0,238000.0,60
Q-01276,Empresa C-0047,Tecnología,Cata privada,2026-01-19,2026-02-22,2537000.0,16,Ganada,,,2416000.0,1854000.0,61000.0,30
Q-01277,Empresa C-0272,Inmobiliario y construcción,Regalos de fin de año,2026-01-20,2026-03-05,30693000.0,227,Perdida,Precio,,0.0,0.0,0.0,90
Q-01278,Empresa C-0088,Tecnología,Regalos de fin de año,2026-01-20,2026-02-23,7947000.0,38,Perdida,Sin respuesta del cliente,,0.0,0.0,0.0,90
Q-01279,Empresa C-0117,Educación,Regalos de fin de año,2026-01-21,2026-02-25,3046000.0,18,Perdida,Se fue con el proveedor de siempre,,0.0,0.0,0.0,60
Q-01280,Empresa C-0001,Consumo masivo,Regalos de fin de año,2026-01-23,2026-03-01,3808000.0,29,Perdida,Precio,,0.0,0.0,0.0,60
Q-01281,Empresa C-0406,Gremios y asociaciones,Regalos de fin de año,2026-01-23,2026-02-07,3420000.0,26,Perdida,Se fue con el proveedor de siempre,,0.0,0.0,0.0,45
Q-01282,Empresa C-0002,Consumo masivo,Cata privada,2026-01-23,2026-02-04,5346000.0,41,Ganada,,,5091000.0,4092000.0,199000.0,90
Q-01283,Empresa C-0001,Salud,Evento corporativo,2026-01-26,2026-02-24,2664000.0,15,Perdida,Se fue con el proveedor de siempre,,0.0,0.0,0.0,60
Q-01284,Empresa C-0560,Consumo masivo,Evento corporativo,2026-01-27,2026-03-06,10821000.0,62,Perdida,Se fue con el proveedor de siempre,,0.0,0.0,0.0,60
Q-01285,Empresa C-0466,Financiero,Regalos de fin de año,2026-01-27,2026-02-27,2799000.0,21,Perdida,Precio,,0.0,0.0,0.0,60
Q-01286,Empresa C-0003,Inmobiliario y construcción,Evento corporativo,2026-01-28,2026-02-07,2404000.0,13,Ganada,,,2290000.0,1752000.0,108000.0,30
Q-01287,Empresa C-0341,Consultoría y legal,Obsequios a clientes,2026-01-29,2026-02-10,30510000.0,183,Ganada,,,29057000.0,22843000.0,929000.0,90
Q-01288,Empresa C-0006,Tecnología,Regalos de fin de año,2026-02-01,2026-03-14,600000.0,4,Perdida,Precio,,0.0,0.0,0.0,30
Q-01289,Empresa C-0256,Financiero,Cata privada,2026-02-02,2026-03-01,1975000.0,10,Ganada,,,1881000.0,1470000.0,49000.0,60
Q-01290,Empresa C-0383,Consumo masivo,Regalos de fin de año,2026-02-02,2026-03-11,7747000.0,47,Perdida,Se fue con el proveedor de siempre,,0.0,0.0,0.0,60
Q-01291,Empresa C-0007,Financiero,Regalos de fin de año,2026-02-02,2026-03-15,1633000.0,8,Perdida,Precio,,0.0,0.0,0.0,60
Q-01292,Empresa C-0370,Salud,Regalos de fin de año,2026-02-02,2026-02-23,2068000.0,16,Perdida,Tiempo de entrega,,0.0,0.0,0.0,30
Q-01293,Empresa C-0147,Tecnología,Cata privada,2026-02-05,2026-03-01,4592000.0,31,Ganada,,,4373000.0,3518000.0,118000.0,45
Q-01294,Empresa C-0001,Financiero,Obsequios a clientes,2026-02-05,2026-03-18,1400000.0,8,Ganada,,,1333000.0,1044000.0,66000.0,30
Q-01295,Empresa C-0006,Financiero,Cata privada,2026-02-09,2026-03-24,2055000.0,16,Perdida,Cobertura fuera de Bogotá,,0.0,0.0,0.0,60
Q-01296,Empresa C-0397,Educación,Regalos de fin de año,2026-02-10,2026-03-23,1198000.0,7,Ganada,,,1141000.0,923000.0,44000.0,60
Q-01297,Empresa C-0011,Tecnología,Evento corporativo,2026-02-10,2026-03-16,2013000.0,10,Perdida,Se fue con el proveedor de siempre,,0.0,0.0,0.0,45
Q-01298,Empresa C-0572,Financiero,Obsequios a clientes,2026-02-11,2026-03-26,2399000.0,14,Ganada,,,2285000.0,1773000.0,80000.0,30
Q-01299,Empresa C-0156,Salud,Regalos de fin de año,2026-02-11,2026-03-17,2239000.0,14,Perdida,Precio,,0.0,0.0,0.0,30
Q-01300,Empresa C-0203,Tecnología,Obsequios a clientes,2026-02-13,2026-03-05,3109000.0,23,Ganada,,,2961000.0,2393000.0,87000.0,45
Q-01301,Empresa C-0001,Financiero,Obsequios a clientes,2026-02-13,2026-03-23,1063000.0,9,Perdida,Precio,,0.0,0.0,0.0,45
Q-01302,Empresa C-0004,Financiero,Regalos de fin de año,2026-02-15,2026-03-09,18686000.0,127,Ganada,,,17796000.0,13926000.0,517000.0,30
Q-01303,Empresa C-0551,Financiero,Obsequios a clientes,2026-02-16,2026-03-26,6019000.0,49,Perdida,Precio,,0.0,0.0,0.0,60
Q-01304,Empresa C-0068,Consumo masivo,Evento corporativo,2026-02-16,2026-03-19,874000.0,6,Perdida,Sin respuesta del cliente,,0.0,0.0,0.0,45
Q-01305,Empresa C-0192,Financiero,Obsequios a clientes,2026-02-17,2026-03-10,3556000.0,21,Ganada,,,3387000.0,2707000.0,131000.0,90
Q-01306,Empresa C-0403,Financiero,Regalos de fin de año,2026-02-17,2026-03-23,1243000.0,9,Perdida,Se fue con el proveedor de siempre,,0.0,0.0,0.0,60
Q-01307,Empresa C-0003,Consumo masivo,Regalos de fin de año,2026-02-18,2026-03-17,8819000.0,68,Perdida,Precio,,0.0,0.0,0.0,45
Q-01308,Empresa C-0001,Gremios y asociaciones,Regalos de fin de año,2026-02-19,2026-04-02,2993000.0,19,Perdida,Precio,,0.0,0.0,0.0,90
Q-01309,Empresa C-0179,Educación,Evento corporativo,2026-02-20,2026-03-11,8947000.0,50,Ganada,,,8521000.0,6492000.0,247000.0,45
Q-01310,Empresa C-0293,Financiero,Regalos de fin de año,2026-02-20,2026-03-17,7577000.0,36,Ganada,,,7216000.0,5735000.0,271000.0,45
Q-01311,Empresa C-0510,Financiero,Cata privada,2026-02-21,2026-03-21,2319000.0,16,Perdida,Tiempo de entrega,,0.0,0.0,0.0,90
Q-01312,Empresa C-0035,Financiero,Regalos de fin de año,2026-02-22,2026-03-17,5249000.0,28,Perdida,Se fue con el proveedor de siempre,,0.0,0.0,0.0,30
Q-01313,Empresa C-0044,Inmobiliario y construcción,Regalos de fin de año,2026-02-22,2026-04-03,4169000.0,21,Ganada,,,3970000.0,3081000.0,150000.0,30
Q-01314,Empresa C-0239,Tecnología,Evento corporativo,2026-02-22,2026-04-01,2186000.0,18,Perdida,Tiempo de entrega,,0.0,0.0,0.0,45
Q-01315,Empresa C-0120,Financiero,Obsequios a clientes,2026-02-23,2026-03-14,5531000.0,34,Ganada,,,5268000.0,4027000.0,181000.0,30
Q-01316,Empresa C-0330,Inmobiliario y construcción,Evento corporativo,2026-02-25,2026-04-05,1954000.0,12,Perdida,Cobertura fuera de Bogotá,,0.0,0.0,0.0,45
Q-01317,Empresa C-0214,Energía y minería,Evento corporativo,2026-02-25,2026-04-08,12972000.0,90,Perdida,Se fue con el proveedor de siempre,,0.0,0.0,0.0,30
Q-01318,Empresa C-0096,Automotriz,Obsequios a clientes,2026-02-28,2026-04-05,3282000.0,23,Ganada,,,3126000.0,2355000.0,130000.0,60
Q-01319,Empresa C-0487,Gremios y asociaciones,Evento corporativo,2026-02-28,2026-03-19,2669000.0,18,Ganada,,,2542000.0,1977000.0,72000.0,45
Q-01320,Empresa C-0383,Consultoría y legal,Boda o celebración privada,2026-03-01,2026-03-12,7988000.0,46,Perdida,Tiempo de entrega,,0.0,0.0,0.0,30
Q-01321,Empresa C-0423,Inmobiliario y construcción,Obsequios a clientes,2026-03-02,2026-04-04,1138000.0,8,Ganada,,,1084000.0,836000.0,49000.0,45
Q-01322,Empresa C-0149,Salud,Obsequios a clientes,2026-03-04,2026-03-21,1761000.0,14,Perdida,Tiempo de entrega,,0.0,0.0,0.0,90
Q-01323,Empresa C-0249,Financiero,Boda o celebración privada,2026-03-05,2026-04-16,6575000.0,41,Perdida,Precio,,0.0,0.0,0.0,90
Q-01324,Empresa C-0143,Tecnología,Regalos de fin de año,2026-03-06,2026-03-18,14168000.0,91,Perdida,Tiempo de entrega,,0.0,0.0,0.0,45
Q-01325,Empresa C-0010,Consumo masivo,Regalos de fin de año,2026-03-06,2026-04-08,4959000.0,35,Ganada,,,4723000.0,3578000.0,171000.0,45
Q-01326,Empresa C-0682,Salud,Obsequios a clientes,2026-03-06,2026-04-08,12212000.0,68,Ganada,,,11630000.0,9077000.0,417000.0,45
Q-01327,Empresa C-0265,Financiero,Boda o celebración privada,2026-03-06,2026-04-03,1062000.0,7,Ganada,,,1011000.0,818000.0,35000.0,60
Q-01328,Empresa C-0062,Inmobiliario y construcción,Regalos de fin de año,2026-03-07,2026-04-16,23800000.0,117,Perdida,Precio,,0.0,0.0,0.0,45
Q-01329,Empresa C-0170,Energía y minería,Obsequios a clientes,2026-03-09,2026-04-18,3754000.0,18,Ganada,,,3575000.0,2714000.0,111000.0,45
Q-01330,Empresa C-0013,Energía y minería,Regalos de fin de año,2026-03-10,2026-04-17,3612000.0,22,Perdida,Tiempo de entrega,,0.0,0.0,0.0,45
Q-01331,Empresa C-0014,Salud,Evento corporativo,2026-03-11,2026-03-22,34426000.0,204,Ganada,,,32787000.0,24585000.0,1406000.0,30
Q-01332,Empresa C-0267,Tecnología,Regalos de fin de año,2026-03-11,2026-04-04,1583000.0,11,Ganada,,,1508000.0,1215000.0,54000.0,45
Q-01333,Empresa C-0381,Financiero,Regalos de fin de año,2026-03-12,2026-04-02,2110000.0,11,Ganada,,,2010000.0,1505000.0,72000.0,30
Q-01334,Empresa C-0623,Educación,Evento corporativo,2026-03-12,2026-04-24,4182000.0,21,Perdida,Sin respuesta del cliente,,0.0,0.0,0.0,45
Q-01335,Empresa C-0603,Tecnología,Regalos de fin de año,2026-03-12,2026-04-06,8212000.0,64,Ganada,,,7821000.0,5812000.0,363000.0,45
Q-01336,Empresa C-0057,Tecnología,Cata privada,2026-03-12,2026-04-16,2244000.0,12,Ganada,,,2137000.0,1718000.0,82000.0,45
Q-01337,Empresa C-0522,Consultoría y legal,Regalos de fin de año,2026-03-12,2026-04-23,12097000.0,66,Perdida,Tiempo de entrega,,0.0,0.0,0.0,90
Q-01338,Empresa C-0004,Financiero,Regalos de fin de año,2026-03-13,2026-04-17,1511000.0,11,Ganada,,,1439000.0,1073000.0,65000.0,90
Q-01339,Empresa C-0080,Financiero,Regalos de fin de año,2026-03-13,2026-04-07,1404000.0,11,Perdida,Precio,,0.0,0.0,0.0,30
Q-01340,Empresa C-0586,Salud,Regalos de fin de año,2026-03-15,2026-04-09,1589000.0,8,Ganada,,,1513000.0,1137000.0,39000.0,45
Q-01341,Empresa C-0335,Consumo masivo,Regalos de fin de año,2026-03-16,2026-04-18,642000.0,4,Perdida,Precio,,0.0,0.0,0.0,45
Q-01342,Empresa C-0012,Salud,Regalos de fin de año,2026-03-18,2026-04-08,2646000.0,14,Ganada,,,2520000.0,1977000.0,96000.0,30
Q-01343,Empresa C-0066,Inmobiliario y construcción,Regalos de fin de año,2026-03-19,2026-04-16,1892000.0,16,Perdida,Se fue con el proveedor de siempre,,0.0,0.0,0.0,60
Q-01344,Empresa C-0111,Educación,Obsequios a clientes,2026-03-21,2026-04-24,22149000.0,121,Ganada,,,21094000.0,16118000.0,591000.0,60
Q-01345,Empresa C-0178,Financiero,Regalos de fin de año,2026-03-22,2026-04-05,1056000.0,7,Ganada,,,1006000.0,761000.0,33000.0,45
Q-01346,Empresa C-0457,Consultoría y legal,Boda o celebración privada,2026-03-23,2026-05-04,871000.0,5,Perdida,Se fue con el proveedor de siempre,,0.0,0.0,0.0,60
Q-01347,Empresa C-0163,Educación,Boda o celebración privada,2026-03-23,2026-04-15,12922000.0,70,Ganada,,,12307000.0,9850000.0,377000.0,45
Q-01348,Empresa C-0049,Consumo masivo,Obsequios a clientes,2026-03-23,2026-04-09,6265000.0,31,Perdida,Precio,,0.0,0.0,0.0,45
Q-01349,Empresa C-0459,Financiero,Regalos de fin de año,2026-03-23,2026-05-04,15286000.0,125,Ganada,,,14558000.0,10996000.0,545000.0,30
Q-01350,Empresa C-0007,Tecnología,Regalos de fin de año,2026-03-23,2026-04-11,3132000.0,17,Perdida,Tiempo de entrega,,0.0,0.0,0.0,30
Q-01351,Empresa C-0621,Inmobiliario y construcción,Obsequios a clientes,2026-03-24,2026-05-07,12120000.0,74,Perdida,Se fue con el proveedor de siempre,,0.0,0.0,0.0,60
Q-01352,Empresa C-0045,Consumo masivo,Regalos de fin de año,2026-03-24,2026-05-04,2205000.0,18,Perdida,Sin respuesta del cliente,,0.0,0.0,0.0,60
Q-01353,Empresa C-0062,Salud,Obsequios a clientes,2026-03-24,2026-04-05,755000.0,6,Ganada,,,719000.0,554000.0,19000.0,60
Q-01354,Empresa C-0092,Consultoría y legal,Regalos de fin de año,2026-03-26,2026-05-02,5157000.0,34,Ganada,,,4911000.0,3763000.0,208000.0,45
Q-01355,Empresa C-0531,Inmobiliario y construcción,Regalos de fin de año,2026-03-26,2026-05-06,2069000.0,10,Perdida,Precio,,0.0,0.0,0.0,30
Q-01356,Empresa C-0020,Financiero,Cata privada,2026-03-26,2026-05-02,10432000.0,53,Ganada,,,9935000.0,7537000.0,417000.0,45
Q-01357,Empresa C-0015,Tecnología,Regalos de fin de año,2026-03-27,2026-05-07,5896000.0,31,Ganada,,,5615000.0,4219000.0,148000.0,60
Q-01358,Empresa C-0086,Tecnología,Cata privada,2026-03-28,2026-05-02,16411000.0,90,Ganada,,,15630000.0,11716000.0,561000.0,45
Q-01359,Empresa C-0562,Consultoría y legal,Cata privada,2026-03-28,2026-04-14,10262000.0,51,Perdida,Precio,,0.0,0.0,0.0,60
Q-01360,Empresa C-0315,Salud,Regalos de fin de año,2026-03-28,2026-04-18,4883000.0,29,Ganada,,,4650000.0,3451000.0,151000.0,45
Q-01361,Empresa C-0119,Automotriz,Regalos de fin de año,2026-03-30,2026-04-24,8066000.0,42,Perdida,Sin respuesta del cliente,,0.0,0.0,0.0,60
Q-01362,Empresa C-0101,Tecnología,Obsequios a clientes,2026-03-30,2026-04-23,4844000.0,32,Perdida,Precio,,0.0,0.0,0.0,30
Q-01363,Empresa C-0625,Salud,Regalos de fin de año,2026-03-30,2026-04-23,11372000.0,93,Perdida,Tiempo de entrega,,0.0,0.0,0.0,60
Q-01364,Empresa C-0211,Consultoría y legal,Regalos de fin de año,2026-03-31,2026-05-13,2361000.0,15,Perdida,Tiempo de entrega,,0.0,0.0,0.0,30
Q-01365,Empresa C-0273,Financiero,Regalos de fin de año,2026-03-31,2026-05-14,1528000.0,11,Perdida,Precio,,0.0,0.0,0.0,45
Q-01366,Empresa C-0108,Automotriz,Obsequios a clientes,2026-04-01,2026-05-06,6446000.0,35,Ganada,,,6139000.0,4958000.0,289000.0,45
Q-01367,Empresa C-0024,Financiero,Obsequios a clientes,2026-04-01,2026-04-11,1869000.0,11,Ganada,,,1780000.0,1320000.0,74000.0,90
Q-01368,Empresa C-0114,Consultoría y legal,Boda o celebración privada,2026-04-01,2026-05-09,8684000.0,66,Perdida,Se fue con el proveedor de siempre,,0.0,0.0,0.0,45
Q-01369,Empresa C-0653,Consultoría y legal,Regalos de fin de año,2026-04-01,2026-04-14,3803000.0,21,Perdida,Cobertura fuera de Bogotá,,0.0,0.0,0.0,45
Q-01370,Empresa C-0016,Tecnología,Regalos de fin de año,2026-04-01,2026-04-17,4336000.0,26,Ganada,,,4130000.0,3253000.0,185000.0,45
Q-01371,Empresa C-0553,Consumo masivo,Regalos de fin de año,2026-04-02,2026-05-11,5260000.0,38,Perdida,Sin respuesta del cliente,,0.0,0.0,0.0,45
Q-01372,Empresa C-0001,Inmobiliario y construcción,Regalos de fin de año,2026-04-02,2026-04-26,2259000.0,12,Perdida,Precio,,0.0,0.0,0.0,60
Q-01373,Empresa C-0012,Inmobiliario y construcción,Regalos de fin de año,2026-04-03,2026-05-12,1927000.0,14,Perdida,Cobertura fuera de Bogotá,,0.0,0.0,0.0,45
Q-01374,Empresa C-0059,Inmobiliario y construcción,Boda o celebración privada,2026-04-03,2026-04-16,1066000.0,9,Perdida,Cobertura fuera de Bogotá,,0.0,0.0,0.0,90
Q-01375,Empresa C-0347,Financiero,Boda o celebración privada,2026-04-03,2026-04-14,2293000.0,15,Ganada,,,2184000.0,1658000.0,80000.0,60
Q-01376,Empresa C-0105,Energía y minería,Boda o celebración privada,2026-04-03,2026-05-06,2768000.0,15,Perdida,Sin respuesta del cliente,,0.0,0.0,0.0,60
Q-01377,Empresa C-0440,Inmobiliario y construcción,Regalos de fin de año,2026-04-04,2026-05-12,2434000.0,17,Ganada,,,2318000.0,1767000.0,113000.0,60
Q-01378,Empresa C-0243,Inmobiliario y construcción,Regalos de fin de año,2026-04-04,2026-05-05,600000.0,5,Ganada,,,571000.0,449000.0,19000.0,60
Q-01379,Empresa C-0437,Salud,Regalos de fin de año,2026-04-04,2026-05-18,7511000.0,39,Perdida,Se fue con el proveedor de siempre,,0.0,0.0,0.0,90
Q-01380,Empresa C-0104,Consumo masivo,Boda o celebración privada,2026-04-06,2026-05-03,2116000.0,15,Ganada,,,2015000.0,1523000.0,57000.0,90
Q-01381,Empresa C-0015,Gremios y asociaciones,Evento corporativo,2026-04-06,2026-05-04,6900000.0,33,Perdida,Tiempo de entrega,,0.0,0.0,0.0,45
Q-01382,Empresa C-0014,Gremios y asociaciones,Boda o celebración privada,2026-04-06,2026-05-04,14323000.0,98,Perdida,Precio,,0.0,0.0,0.0,60
Q-01383,Empresa C-0513,Consumo masivo,Regalos de fin de año,2026-04-07,2026-04-17,2422000.0,12,Perdida,Precio,,0.0,0.0,0.0,60
Q-01384,Empresa C-0051,Inmobiliario y construcción,Regalos de fin de año,2026-04-07,2026-05-04,4296000.0,34,Perdida,Precio,,0.0,0.0,0.0,90
Q-01385,Empresa C-0384,Financiero,Evento corporativo,2026-04-08,2026-05-06,2945000.0,23,Perdida,Se fue con el proveedor de siempre,,0.0,0.0,0.0,60
Q-01386,Empresa C-0019,Consumo masivo,Obsequios a clientes,2026-04-09,2026-05-23,2106000.0,12,Ganada,,,2006000.0,1588000.0,82000.0,45
Q-01387,Empresa C-0480,Consumo masivo,Regalos de fin de año,2026-04-09,2026-05-21,3469000.0,25,Ganada,,,3304000.0,2577000.0,92000.0,30
Q-01388,Empresa C-0172,Financiero,Obsequios a clientes,2026-04-09,2026-05-20,1758000.0,13,Perdida,Tiempo de entrega,,0.0,0.0,0.0,60
Q-01389,Empresa C-0002,Inmobiliario y construcción,Regalos de fin de año,2026-04-09,2026-05-04,12561000.0,88,Perdida,Se fue con el proveedor de siempre,,0.0,0.0,0.0,45
Q-01390,Empresa C-0499,Salud,Obsequios a clientes,2026-04-10,2026-04-20,4864000.0,32,Ganada,,,4632000.0,3547000.0,152000.0,30
Q-01391,Empresa C-0140,Salud,Regalos de fin de año,2026-04-11,2026-05-02,1413000.0,11,Perdida,Precio,,0.0,0.0,0.0,90
Q-01392,Empresa C-0018,Financiero,Regalos de fin de año,2026-04-11,2026-05-07,3274000.0,21,Ganada,,,3118000.0,2398000.0,134000.0,30
Q-01393,Empresa C-0075,Tecnología,Regalos de fin de año,2026-04-11,2026-05-14,5593000.0,33,Perdida,Sin respuesta del cliente,,0.0,0.0,0.0,45
Q-01394,Empresa C-0013,Automotriz,Regalos de fin de año,2026-04-12,2026-04-27,1298000.0,8,Perdida,Precio,,0.0,0.0,0.0,45
Q-01395,Empresa C-0063,Consultoría y legal,Regalos de fin de año,2026-04-13,2026-05-18,7186000.0,41,Perdida,Precio,,0.0,0.0,0.0,45
Q-01396,Empresa C-0004,Tecnología,Boda o celebración privada,2026-04-13,2026-05-25,4230000.0,22,Perdida,Precio,,0.0,0.0,0.0,60
Q-01397,Empresa C-0001,Inmobiliario y construcción,Regalos de fin de año,2026-04-13,2026-05-07,2942000.0,19,Perdida,Tiempo de entrega,,0.0,0.0,0.0,90
Q-01398,Empresa C-0017,Consultoría y legal,Obsequios a clientes,2026-04-14,2026-05-05,600000.0,5,Perdida,Tiempo de entrega,,0.0,0.0,0.0,30
Q-01399,Empresa C-0029,Salud,Evento corporativo,2026-04-15,2026-05-12,3264000.0,16,Perdida,Precio,,0.0,0.0,0.0,60
Q-01400,Empresa C-0082,Educación,Regalos de fin de año,2026-04-15,2026-05-27,5089000.0,29,Ganada,,,4847000.0,3725000.0,210000.0,30
Q-01401,Empresa C-0102,Salud,Regalos de fin de año,2026-04-15,2026-04-26,5113000.0,29,Perdida,Se fue con el proveedor de siempre,,0.0,0.0,0.0,45
Q-01402,Empresa C-0209,Gremios y asociaciones,Evento corporativo,2026-04-15,2026-05-23,6476000.0,37,Perdida,Tiempo de entrega,,0.0,0.0,0.0,45
Q-01403,Empresa C-0698,Inmobiliario y construcción,Obsequios a clientes,2026-04-15,2026-05-26,1839000.0,13,Ganada,,,1751000.0,1332000.0,47000.0,45
Q-01404,Empresa C-0070,Gremios y asociaciones,Evento corporativo,2026-04-17,2026-05-07,3327000.0,25,Ganada,,,3169000.0,2499000.0,124000.0,30
Q-01405,Empresa C-0021,Automotriz,Regalos de fin de año,2026-04-17,2026-05-08,4083000.0,22,Perdida,Precio,,0.0,0.0,0.0,45
Q-01406,Empresa C-0012,Gremios y asociaciones,Regalos de fin de año,2026-04-17,2026-05-15,2099000.0,12,Perdida,Se fue con el proveedor de siempre,,0.0,0.0,0.0,30
Q-01407,Empresa C-0334,Consumo masivo,Regalos de fin de año,2026-04-18,2026-05-05,4217000.0,32,Perdida,Precio,,0.0,0.0,0.0,60
Q-01408,Empresa C-0482,Financiero,Cata privada,2026-04-19,2026-06-01,8821000.0,43,Ganada,,,8401000.0,6463000.0,224000.0,30
Q-01409,Empresa C-0552,Tecnología,Obsequios a clientes,2026-04-19,2026-05-04,6312000.0,45,Perdida,Tiempo de entrega,,0.0,0.0,0.0,30
Q-01410,Empresa C-0014,Energía y minería,Regalos de fin de año,2026-04-20,2026-06-01,3331000.0,19,Perdida,Tiempo de entrega,,0.0,0.0,0.0,30
Q-01411,Empresa C-0054,Financiero,Obsequios a clientes,2026-04-20,2026-06-02,5614000.0,32,Ganada,,,5347000.0,4187000.0,222000.0,45
Q-01412,Empresa C-0135,Financiero,Regalos de fin de año,2026-04-21,2026-05-22,674000.0,6,Ganada,,,642000.0,498000.0,21000.0,60
Q-01413,Empresa C-0247,Inmobiliario y construcción,Obsequios a clientes,2026-04-22,2026-05-11,1553000.0,11,Perdida,Cobertura fuera de Bogotá,,0.0,0.0,0.0,60
Q-01414,Empresa C-0001,Educación,Regalos de fin de año,2026-04-22,2026-05-06,3190000.0,18,Perdida,Se fue con el proveedor de siempre,,0.0,0.0,0.0,30
Q-01415,Empresa C-0224,Inmobiliario y construcción,Regalos de fin de año,2026-04-22,2026-05-23,7545000.0,62,Perdida,Tiempo de entrega,,0.0,0.0,0.0,60
Q-01416,Empresa C-0001,Tecnología,Cata privada,2026-04-22,2026-05-24,5875000.0,41,Ganada,,,5595000.0,4405000.0,174000.0,45
Q-01417,Empresa C-0629,Gremios y asociaciones,Evento corporativo,2026-04-22,2026-05-03,4142000.0,23,Ganada,,,3945000.0,3104000.0,145000.0,90
Q-01418,Empresa C-0003,Gremios y asociaciones,Regalos de fin de año,2026-04-22,2026-05-09,6145000.0,35,Perdida,Tiempo de entrega,,0.0,0.0,0.0,60
Q-01419,Empresa C-0072,Financiero,Obsequios a clientes,2026-04-23,2026-06-06,4468000.0,34,Perdida,Precio,,0.0,0.0,0.0,45
Q-01420,Empresa C-0122,Consultoría y legal,Regalos de fin de año,2026-04-23,2026-05-04,10414000.0,86,Perdida,Tiempo de entrega,,0.0,0.0,0.0,60
Q-01421,Empresa C-0401,Financiero,Boda o celebración privada,2026-04-23,2026-05-17,1141000.0,7,Perdida,Sin respuesta del cliente,,0.0,0.0,0.0,45
Q-01422,Empresa C-0001,Financiero,Regalos de fin de año,2026-04-23,2026-05-13,3005000.0,23,Ganada,,,2862000.0,2175000.0,87000.0,45
Q-01423,Empresa C-0015,Inmobiliario y construcción,Boda o celebración privada,2026-04-23,2026-05-07,1530000.0,9,Perdida,Tiempo de entrega,,0.0,0.0,0.0,45
Q-01424,Empresa C-0077,Automotriz,Boda o celebración privada,2026-04-24,2026-06-04,600000.0,4,Ganada,,,571000.0,445000.0,22000.0,60
Q-01425,Empresa C-0562,Consumo masivo,Cata privada,2026-04-24,2026-06-04,2335000.0,15,Perdida,Tiempo de entrega,,0.0,0.0,0.0,30
Q-01426,Empresa C-0028,Energía y minería,Obsequios a clientes,2026-04-24,2026-05-08,1322000.0,10,Perdida,Sin respuesta del cliente,,0.0,0.0,0.0,30
Q-01427,Empresa C-0363,Automotriz,Obsequios a clientes,2026-04-25,2026-05-08,600000.0,4,Ganada,,,571000.0,438000.0,28000.0,45
Q-01428,Empresa C-0202,Consumo masivo,Regalos de fin de año,2026-04-25,2026-06-06,3113000.0,15,Perdida,Tiempo de entrega,,0.0,0.0,0.0,45
Q-01429,Empresa C-0038,Salud,Regalos de fin de año,2026-04-25,2026-05-24,6569000.0,53,Perdida,Precio,,0.0,0.0,0.0,30
Q-01430,Empresa C-0174,Tecnología,Regalos de fin de año,2026-04-25,2026-05-24,10097000.0,60,Ganada,,,9616000.0,7312000.0,250000.0,30
Q-01431,Empresa C-0008,Consultoría y legal,Regalos de fin de año,2026-04-26,2026-06-07,600000.0,4,Ganada,,,571000.0,436000.0,25000.0,60
Q-01432,Empresa C-0004,Tecnología,Regalos de fin de año,2026-04-26,2026-05-22,6121000.0,40,Ganada,,,5830000.0,4325000.0,206000.0,60
Q-01433,Empresa C-0540,Educación,Evento corporativo,2026-04-26,2026-05-19,2536000.0,16,Ganada,,,2415000.0,1790000.0,68000.0,30
Q-01434,Empresa C-0273,Inmobiliario y construcción,Obsequios a clientes,2026-04-26,2026-06-08,2582000.0,16,Perdida,Se fue con el proveedor de siempre,,0.0,0.0,0.0,60
Q-01435,Empresa C-0075,Automotriz,Regalos de fin de año,2026-04-26,2026-05-25,600000.0,4,Ganada,,,571000.0,430000.0,15000.0,60
Q-01436,Empresa C-0127,Consumo masivo,Regalos de fin de año,2026-04-27,2026-05-16,2873000.0,19,Perdida,Precio,,0.0,0.0,0.0,60
Q-01437,Empresa C-0495,Financiero,Obsequios a clientes,2026-04-27,2026-06-06,777000.0,5,Ganada,,,740000.0,589000.0,30000.0,45
Q-01438,Empresa C-0064,Gremios y asociaciones,Evento corporativo,2026-04-28,2026-05-25,600000.0,4,Perdida,Precio,,0.0,0.0,0.0,30
Q-01439,Empresa C-0478,Tecnología,Regalos de fin de año,2026-04-28,2026-06-07,9438000.0,63,Perdida,Sin respuesta del cliente,,0.0,0.0,0.0,45
Q-01440,Empresa C-0011,Salud,Regalos de fin de año,2026-04-28,2026-06-05,3140000.0,22,Ganada,,,2990000.0,2385000.0,88000.0,45
Q-01441,Empresa C-0132,Inmobiliario y construcción,Regalos de fin de año,2026-04-29,2026-05-12,1001000.0,5,Perdida,Precio,,0.0,0.0,0.0,60
Q-01442,Empresa C-0127,Financiero,Regalos de fin de año,2026-05-01,2026-05-21,832000.0,5,Perdida,Sin respuesta del cliente,,0.0,0.0,0.0,45
Q-01443,Empresa C-0007,Consumo masivo,Obsequios a clientes,2026-05-01,2026-05-25,6203000.0,44,Perdida,Precio,,0.0,0.0,0.0,45
Q-01444,Empresa C-0378,Consultoría y legal,Boda o celebración privada,2026-05-02,2026-05-14,7255000.0,48,Perdida,Sin respuesta del cliente,,0.0,0.0,0.0,45
Q-01445,Empresa C-0033,Energía y minería,Cata privada,2026-05-02,2026-05-15,7224000.0,49,Perdida,Precio,,0.0,0.0,0.0,90
Q-01446,Empresa C-0303,Financiero,Evento corporativo,2026-05-02,2026-05-16,678000.0,4,Ganada,,,646000.0,510000.0,22000.0,45
Q-01447,Empresa C-0606,Inmobiliario y construcción,Regalos de fin de año,2026-05-03,2026-06-08,600000.0,4,Ganada,,,571000.0,459000.0,17000.0,90
Q-01448,Empresa C-0539,Consultoría y legal,Regalos de fin de año,2026-05-03,2026-06-06,3194000.0,21,Ganada,,,3042000.0,2305000.0,81000.0,30
Q-01449,Empresa C-0577,Tecnología,Evento corporativo,2026-05-03,2026-06-10,10671000.0,56,Perdida,Se fue con el proveedor de siempre,,0.0,0.0,0.0,30
Q-01450,Empresa C-0131,Financiero,Regalos de fin de año,2026-05-03,2026-06-05,1790000.0,9,Ganada,,,1705000.0,1361000.0,71000.0,30
Q-01451,Empresa C-0207,Energía y minería,Regalos de fin de año,2026-05-04,2026-06-08,2147000.0,15,Perdida,Tiempo de entrega,,0.0,0.0,0.0,60
Q-01452,Empresa C-0252,Gremios y asociaciones,Regalos de fin de año,2026-05-04,2026-06-10,1296000.0,7,Perdida,Tiempo de entrega,,0.0,0.0,0.0,30
Q-01453,Empresa C-0079,Consultoría y legal,Evento corporativo,2026-05-04,2026-05-26,16068000.0,93,Perdida,Tiempo de entrega,,0.0,0.0,0.0,30
Q-01454,Empresa C-0042,Salud,Evento corporativo,2026-05-05,2026-06-02,6058000.0,39,Ganada,,,5770000.0,4588000.0,232000.0,45
Q-01455,Empresa C-0298,Financiero,Obsequios a clientes,2026-05-05,2026-05-23,1858000.0,11,Perdida,Sin respuesta del cliente,,0.0,0.0,0.0,45
Q-01456,Empresa C-0001,Tecnología,Evento corporativo,2026-05-06,2026-06-19,3378000.0,21,Perdida,Precio,,0.0,0.0,0.0,60
Q-01457,Empresa C-0365,Inmobiliario y construcción,Regalos de fin de año,2026-05-07,2026-05-25,6673000.0,46,Perdida,Precio,,0.0,0.0,0.0,60
Q-01458,Empresa C-0436,Educación,Evento corporativo,2026-05-07,2026-06-19,4101000.0,33,Ganada,,,3906000.0,2983000.0,135000.0,45
Q-01459,Empresa C-0151,Energía y minería,Obsequios a clientes,2026-05-07,2026-05-20,1715000.0,10,Perdida,Precio,,0.0,0.0,0.0,45
Q-01460,Empresa C-0027,Tecnología,Regalos de fin de año,2026-05-07,2026-05-22,3246000.0,24,Perdida,Cobertura fuera de Bogotá,,0.0,0.0,0.0,60
Q-01461,Empresa C-0604,Tecnología,Evento corporativo,2026-05-07,2026-06-04,1673000.0,12,Perdida,Precio,,0.0,0.0,0.0,45
Q-01462,Empresa C-0002,Automotriz,Obsequios a clientes,2026-05-07,2026-06-20,9350000.0,46,Ganada,,,8905000.0,7176000.0,385000.0,45
Q-01463,Empresa C-0340,Financiero,Regalos de fin de año,2026-05-08,2026-05-26,5655000.0,46,Perdida,Precio,,0.0,0.0,0.0,45
Q-01464,Empresa C-0015,Tecnología,Evento corporativo,2026-05-08,2026-05-24,3664000.0,19,Ganada,,,3490000.0,2691000.0,125000.0,60
Q-01465,Empresa C-0001,Salud,Regalos de fin de año,2026-05-08,2026-05-23,16315000.0,80,Perdida,Precio,,0.0,0.0,0.0,60
Q-01466,Empresa C-0112,Tecnología,Regalos de fin de año,2026-05-08,2026-06-16,721000.0,5,Perdida,Precio,,0.0,0.0,0.0,45
Q-01467,Empresa C-0005,Consultoría y legal,Obsequios a clientes,2026-05-08,2026-05-21,14676000.0,116,Perdida,Precio,,0.0,0.0,0.0,45
Q-01468,Empresa C-0133,Tecnología,Regalos de fin de año,2026-05-08,2026-06-05,1430000.0,8,Perdida,Precio,,0.0,0.0,0.0,30
Q-01469,Empresa C-0058,Tecnología,Boda o celebración privada,2026-05-08,2026-06-14,1667000.0,12,Ganada,,,1588000.0,1210000.0,53000.0,45
Q-01470,Empresa C-0083,Salud,Obsequios a clientes,2026-05-09,2026-06-08,7930000.0,45,Perdida,Tiempo de entrega,,0.0,0.0,0.0,30
Q-01471,Empresa C-0181,Educación,Regalos de fin de año,2026-05-09,2026-06-21,600000.0,4,Ganada,,,571000.0,460000.0,17000.0,30
Q-01472,Empresa C-0096,Salud,Evento corporativo,2026-05-09,2026-06-21,7150000.0,44,Perdida,Precio,,0.0,0.0,0.0,45
Q-01473,Empresa C-0045,Tecnología,Regalos de fin de año,2026-05-09,2026-06-20,5883000.0,30,Ganada,,,5603000.0,4357000.0,163000.0,45
Q-01474,Empresa C-0401,Salud,Evento corporativo,2026-05-10,2026-06-13,1587000.0,10,Perdida,Precio,,0.0,0.0,0.0,30
Q-01475,Empresa C-0041,Gremios y asociaciones,Boda o celebración privada,2026-05-10,2026-06-10,3054000.0,17,Perdida,Precio,,0.0,0.0,0.0,45
Q-01476,Empresa C-0001,Tecnología,Evento corporativo,2026-05-10,2026-06-19,26395000.0,160,Perdida,Tiempo de entrega,,0.0,0.0,0.0,45
Q-01477,Empresa C-0699,Gremios y asociaciones,Obsequios a clientes,2026-05-11,2026-05-26,2937000.0,14,Perdida,Se fue con el proveedor de siempre,,0.0,0.0,0.0,30
Q-01478,Empresa C-0068,Financiero,Regalos de fin de año,2026-05-11,2026-05-25,2098000.0,15,Ganada,,,1998000.0,1485000.0,95000.0,45
Q-01479,Empresa C-0006,Salud,Cata privada,2026-05-12,2026-06-04,600000.0,4,Perdida,Sin respuesta del cliente,,0.0,0.0,0.0,45
Q-01480,Empresa C-0017,Consumo masivo,Boda o celebración privada,2026-05-12,2026-06-02,3362000.0,26,Ganada,,,3202000.0,2438000.0,132000.0,60
Q-01481,Empresa C-0084,Salud,Regalos de fin de año,2026-05-13,2026-05-26,3717000.0,21,Ganada,,,3540000.0,2685000.0,138000.0,30
Q-01482,Empresa C-0008,Inmobiliario y construcción,Regalos de fin de año,2026-05-13,2026-06-07,857000.0,5,Perdida,Tiempo de entrega,,0.0,0.0,0.0,60
Q-01483,Empresa C-0365,Tecnología,Regalos de fin de año,2026-05-13,2026-06-25,4119000.0,30,Perdida,Precio,,0.0,0.0,0.0,45
Q-01484,Empresa C-0057,Financiero,Obsequios a clientes,2026-05-14,2026-06-08,5371000.0,30,Ganada,,,5115000.0,3896000.0,165000.0,45
Q-01485,Empresa C-0040,Financiero,Regalos de fin de año,2026-05-14,2026-06-17,1651000.0,13,Ganada,,,1572000.0,1189000.0,68000.0,45
Q-01486,Empresa C-0226,Educación,Regalos de fin de año,2026-05-14,2026-06-23,11539000.0,63,Perdida,Tiempo de entrega,,0.0,0.0,0.0,45
Q-01487,Empresa C-0465,Automotriz,Regalos de fin de año,2026-05-14,2026-06-14,8099000.0,59,Perdida,Se fue con el proveedor de siempre,,0.0,0.0,0.0,90
Q-01488,Empresa C-0191,Gremios y asociaciones,Boda o celebración privada,2026-05-15,2026-06-02,3230000.0,21,Ganada,,,3076000.0,2465000.0,102000.0,45
Q-01489,Empresa C-0058,Inmobiliario y construcción,Evento corporativo,2026-05-15,2026-06-22,2274000.0,15,Ganada,,,2166000.0,1743000.0,102000.0,60
Q-01490,Empresa C-0284,Energía y minería,Regalos de fin de año,2026-05-15,2026-06-21,2601000.0,19,Perdida,Precio,,0.0,0.0,0.0,60
Q-01491,Empresa C-0156,Tecnología,Obsequios a clientes,2026-05-15,2026-06-25,4172000.0,26,Ganada,,,3973000.0,2994000.0,122000.0,60
Q-01492,Empresa C-0002,Salud,Obsequios a clientes,2026-05-16,2026-05-26,3909000.0,19,Ganada,,,3723000.0,2933000.0,178000.0,30
Q-01493,Empresa C-0107,Tecnología,Regalos de fin de año,2026-05-16,2026-06-26,9156000.0,66,Perdida,Precio,,0.0,0.0,0.0,45
Q-01494,Empresa C-0004,Financiero,Obsequios a clientes,2026-05-16,2026-06-05,2768000.0,20,Ganada,,,2636000.0,2064000.0,85000.0,60
Q-01495,Empresa C-0224,Tecnología,Regalos de fin de año,2026-05-17,2026-06-27,709000.0,4,Perdida,Tiempo de entrega,,0.0,0.0,0.0,30
Q-01496,Empresa C-0023,Financiero,Regalos de fin de año,2026-05-18,2026-06-01,5589000.0,35,Perdida,Precio,,0.0,0.0,0.0,30
Q-01497,Empresa C-0205,Financiero,Regalos de fin de año,2026-05-18,2026-06-21,6323000.0,46,Perdida,Precio,,0.0,0.0,0.0,30
Q-01498,Empresa C-0137,Consultoría y legal,Regalos de fin de año,2026-05-20,2026-06-02,9911000.0,54,Perdida,Sin respuesta del cliente,,0.0,0.0,0.0,45
Q-01499,Empresa C-0317,Automotriz,Regalos de fin de año,2026-05-20,2026-06-24,9752000.0,48,Perdida,Sin respuesta del cliente,,0.0,0.0,0.0,30
Q-01500,Empresa C-0155,Consumo masivo,Regalos de fin de año,2026-05-20,2026-07-02,600000.0,5,Perdida,Tiempo de entrega,,0.0,0.0,0.0,30
Q-01501,Empresa C-0001,Salud,Obsequios a clientes,2026-05-20,2026-06-20,3986000.0,27,Perdida,Precio,,0.0,0.0,0.0,45
Q-01502,Empresa C-0190,Consultoría y legal,Cata privada,2026-05-21,2026-06-26,15728000.0,94,Perdida,Precio,,0.0,0.0,0.0,30
Q-01503,Empresa C-0065,Tecnología,Regalos de fin de año,2026-05-21,2026-06-14,680000.0,4,Ganada,,,648000.0,503000.0,32000.0,90
Q-01504,Empresa C-0063,Educación,Obsequios a clientes,2026-05-21,2026-06-22,9306000.0,50,Ganada,,,8863000.0,6992000.0,401000.0,45
Q-01505,Empresa C-0047,Salud,Evento corporativo,2026-05-21,2026-06-02,1502000.0,9,Ganada,,,1430000.0,1069000.0,69000.0,30
Q-01506,Empresa C-0002,Financiero,Evento corporativo,2026-05-22,2026-07-05,3962000.0,20,Perdida,Precio,,0.0,0.0,0.0,60
Q-01507,Empresa C-0014,Inmobiliario y construcción,Obsequios a clientes,2026-05-22,2026-06-13,1140000.0,7,Ganada,,,1086000.0,866000.0,32000.0,45
Q-01508,Empresa C-0005,Inmobiliario y construcción,Regalos de fin de año,2026-05-22,2026-07-02,2880000.0,19,Ganada,,,2743000.0,2065000.0,134000.0,30
Q-01509,Empresa C-0083,Consultoría y legal,Regalos de fin de año,2026-05-22,2026-06-22,637000.0,4,Perdida,Sin respuesta del cliente,,0.0,0.0,0.0,60
Q-01510,Empresa C-0149,Consultoría y legal,Obsequios a clientes,2026-05-22,2026-06-11,12989000.0,96,Perdida,Precio,,0.0,0.0,0.0,60
Q-01511,Empresa C-0532,Salud,Evento corporativo,2026-05-23,2026-07-03,7411000.0,39,Perdida,Precio,,0.0,0.0,0.0,45
Q-01512,Empresa C-0065,Consumo masivo,Evento corporativo,2026-05-24,2026-07-07,2943000.0,19,Perdida,Tiempo de entrega,,0.0,0.0,0.0,60
Q-01513,Empresa C-0084,Gremios y asociaciones,Regalos de fin de año,2026-05-24,2026-06-11,9928000.0,59,Perdida,Precio,,0.0,0.0,0.0,30
Q-01514,Empresa C-0002,Financiero,Regalos de fin de año,2026-05-25,2026-07-03,3102000.0,17,Perdida,Precio,,0.0,0.0,0.0,90
Q-01515,Empresa C-0258,Consumo masivo,Evento corporativo,2026-05-25,2026-07-07,1972000.0,11,Perdida,Sin respuesta del cliente,,0.0,0.0,0.0,90
Q-01516,Empresa C-0133,Financiero,Regalos de fin de año,2026-05-25,2026-06-26,3015000.0,15,Perdida,Se fue con el proveedor de siempre,,0.0,0.0,0.0,45
Q-01517,Empresa C-0407,Salud,Cata privada,2026-05-26,2026-06-19,602000.0,4,Ganada,,,573000.0,462000.0,16000.0,60
Q-01518,Empresa C-0021,Financiero,Regalos de fin de año,2026-05-26,2026-06-19,962000.0,5,Perdida,Precio,,0.0,0.0,0.0,30
Q-01519,Empresa C-0079,Automotriz,Obsequios a clientes,2026-05-27,2026-07-09,11335000.0,61,Ganada,,,10795000.0,8495000.0,408000.0,60
Q-01520,Empresa C-0132,Salud,Regalos de fin de año,2026-05-27,2026-06-19,3415000.0,17,Perdida,Tiempo de entrega,,0.0,0.0,0.0,45
Q-01521,Empresa C-0012,Automotriz,Evento corporativo,2026-05-28,2026-07-01,6680000.0,37,Perdida,Se fue con el proveedor de siempre,,0.0,0.0,0.0,60
Q-01522,Empresa C-0349,Salud,Boda o celebración privada,2026-05-28,2026-06-14,7889000.0,44,Perdida,Sin respuesta del cliente,,0.0,0.0,0.0,30
Q-01523,Empresa C-0022,Financiero,Regalos de fin de año,2026-05-28,2026-06-24,15774000.0,90,Ganada,,,15023000.0,11156000.0,472000.0,60
Q-01524,Empresa C-0058,Consumo masivo,Regalos de fin de año,2026-05-29,2026-06-14,809000.0,5,Perdida,Se fue con el proveedor de siempre,,0.0,0.0,0.0,60
Q-01525,Empresa C-0366,Consumo masivo,Regalos de fin de año,2026-05-30,2026-06-25,1884000.0,13,Ganada,,,1794000.0,1332000.0,53000.0,30
Q-01526,Empresa C-0073,Tecnología,Boda o celebración privada,2026-05-30,2026-06-13,30433000.0,198,Perdida,Sin respuesta del cliente,,0.0,0.0,0.0,45
Q-01527,Empresa C-0073,Tecnología,Cata privada,2026-05-30,2026-06-14,1293000.0,7,Perdida,Tiempo de entrega,,0.0,0.0,0.0,60
Q-01528,Empresa C-0085,Financiero,Regalos de fin de año,2026-05-30,2026-06-09,6559000.0,42,Perdida,Precio,,0.0,0.0,0.0,60
Q-01529,Empresa C-0068,Consultoría y legal,Cata privada,2026-05-31,2026-06-16,5562000.0,45,Ganada,,,5297000.0,4039000.0,209000.0,60
Q-01530,Empresa C-0592,Gremios y asociaciones,Regalos de fin de año,2026-05-31,2026-06-27,1473000.0,9,Perdida,Precio,,0.0,0.0,0.0,60
Q-01531,Empresa C-0162,Consultoría y legal,Obsequios a clientes,2026-05-31,2026-06-16,14330000.0,91,Perdida,Precio,,0.0,0.0,0.0,45
Q-01532,Empresa C-0172,Financiero,Regalos de fin de año,2026-06-02,2026-06-14,18057000.0,140,Ganada,,,17197000.0,12956000.0,634000.0,45
Q-01533,Empresa C-0002,Educación,Boda o celebración privada,2026-06-02,2026-06-21,30430000.0,160,Perdida,Se fue con el proveedor de siempre,,0.0,0.0,0.0,45
Q-01534,Empresa C-0203,Financiero,Obsequios a clientes,2026-06-02,2026-07-12,2054000.0,12,Perdida,Sin respuesta del cliente,,0.0,0.0,0.0,60
Q-01535,Empresa C-0186,Financiero,Regalos de fin de año,2026-06-02,2026-06-15,15111000.0,97,Perdida,Cobertura fuera de Bogotá,,0.0,0.0,0.0,60
Q-01536,Empresa C-0044,Consultoría y legal,Cata privada,2026-06-03,2026-07-07,7446000.0,50,Perdida,Se fue con el proveedor de siempre,,0.0,0.0,0.0,60
Q-01537,Empresa C-0067,Financiero,Boda o celebración privada,2026-06-04,2026-07-13,4019000.0,28,Perdida,Precio,,0.0,0.0,0.0,30
Q-01538,Empresa C-0200,Consultoría y legal,Obsequios a clientes,2026-06-04,2026-07-11,5141000.0,25,Ganada,,,4896000.0,3863000.0,227000.0,30
Q-01539,Empresa C-0104,Consumo masivo,Obsequios a clientes,2026-06-04,2026-06-24,5007000.0,32,Perdida,Se fue con el proveedor de siempre,,0.0,0.0,0.0,60
Q-01540,Empresa C-0006,Energía y minería,Regalos de fin de año,2026-06-04,2026-07-10,3718000.0,18,Ganada,,,3541000.0,2627000.0,168000.0,30
Q-01541,Empresa C-0045,Inmobiliario y construcción,Regalos de fin de año,2026-06-05,2026-11-01,930000.0,5,Abierta,,0.4,0.0,0.0,0.0,45
Q-01542,Empresa C-0124,Tecnología,Regalos de fin de año,2026-06-05,2026-06-26,9498000.0,69,Ganada,,,9046000.0,7295000.0,440000.0,30
Q-01543,Empresa C-0009,Inmobiliario y construcción,Regalos de fin de año,2026-06-05,2026-07-07,3818000.0,23,Perdida,Cobertura fuera de Bogotá,,0.0,0.0,0.0,45
Q-01544,Empresa C-0112,Tecnología,Obsequios a clientes,2026-06-06,2026-07-17,1158000.0,7,Perdida,Tiempo de entrega,,0.0,0.0,0.0,60
Q-01545,Empresa C-0019,Salud,Evento corporativo,2026-06-07,2026-07-21,648000.0,4,Ganada,,,617000.0,486000.0,20000.0,45
Q-01546,Empresa C-0575,Automotriz,Regalos de fin de año,2026-06-07,2026-06-17,2039000.0,14,Perdida,Precio,,0.0,0.0,0.0,45
Q-01547,Empresa C-0020,Tecnología,Evento corporativo,2026-06-07,2026-06-17,3987000.0,24,Perdida,Se fue con el proveedor de siempre,,0.0,0.0,0.0,45
Q-01548,Empresa C-0059,Automotriz,Obsequios a clientes,2026-06-08,2026-06-21,1358000.0,8,Ganada,,,1293000.0,980000.0,58000.0,60
Q-01549,Empresa C-0026,Consultoría y legal,Regalos de fin de año,2026-06-08,2026-07-02,2389000.0,14,Ganada,,,2275000.0,1832000.0,91000.0,30
Q-01550,Empresa C-0362,Tecnología,Regalos de fin de año,2026-06-08,2026-07-05,1816000.0,9,Perdida,Se fue con el proveedor de siempre,,0.0,0.0,0.0,30
Q-01551,Empresa C-0048,Gremios y asociaciones,Regalos de fin de año,2026-06-09,2026-07-09,600000.0,4,Perdida,Precio,,0.0,0.0,0.0,60
Q-01552,Empresa C-0074,Salud,Obsequios a clientes,2026-06-09,2026-07-08,11935000.0,83,Perdida,Precio,,0.0,0.0,0.0,45
Q-01553,Empresa C-0072,Educación,Regalos de fin de año,2026-06-09,2026-07-03,1208000.0,7,Perdida,Precio,,0.0,0.0,0.0,60
Q-01554,Empresa C-0189,Gremios y asociaciones,Evento corporativo,2026-06-09,2026-07-19,3398000.0,16,Perdida,Precio,,0.0,0.0,0.0,60
Q-01555,Empresa C-0317,Consumo masivo,Cata privada,2026-06-10,2026-06-25,5900000.0,34,Perdida,Tiempo de entrega,,0.0,0.0,0.0,90
Q-01556,Empresa C-0010,Gremios y asociaciones,Regalos de fin de año,2026-06-10,2026-07-01,898000.0,5,Perdida,Precio,,0.0,0.0,0.0,60
Q-01557,Empresa C-0113,Financiero,Regalos de fin de año,2026-06-12,2026-11-07,600000.0,4,Abierta,,0.8,0.0,0.0,0.0,60
Q-01558,Empresa C-0648,Financiero,Regalos de fin de año,2026-06-12,2026-07-18,3116000.0,18,Ganada,,,2968000.0,2333000.0,106000.0,60
Q-01559,Empresa C-0521,Consultoría y legal,Regalos de fin de año,2026-06-14,2026-06-25,61697000.0,364,Ganada,,,58759000.0,44275000.0,2408000.0,30
Q-01560,Empresa C-0460,Financiero,Regalos de fin de año,2026-06-14,2026-11-08,600000.0,4,Abierta,,0.4,0.0,0.0,0.0,45
Q-01561,Empresa C-0020,Energía y minería,Obsequios a clientes,2026-06-14,2026-07-18,4905000.0,34,Perdida,Precio,,0.0,0.0,0.0,30
Q-01562,Empresa C-0301,Salud,Regalos de fin de año,2026-06-15,2026-07-22,2911000.0,24,Perdida,Sin respuesta del cliente,,0.0,0.0,0.0,30
Q-01563,Empresa C-0577,Tecnología,Regalos de fin de año,2026-06-15,2026-06-26,2047000.0,16,Perdida,Precio,,0.0,0.0,0.0,45
Q-01564,Empresa C-0055,Gremios y asociaciones,Regalos de fin de año,2026-06-15,2026-07-25,1571000.0,12,Ganada,,,1496000.0,1180000.0,69000.0,60
Q-01565,Empresa C-0003,Financiero,Regalos de fin de año,2026-06-17,2026-11-01,1470000.0,8,Abierta,,0.2,0.0,0.0,0.0,45
Q-01566,Empresa C-0416,Energía y minería,Evento corporativo,2026-06-17,2026-07-13,4537000.0,23,Perdida,Tiempo de entrega,,0.0,0.0,0.0,60
Q-01567,Empresa C-0206,Financiero,Regalos de fin de año,2026-06-18,2026-11-03,1814000.0,9,Abierta,,0.6,0.0,0.0,0.0,30
Q-01568,Empresa C-0601,Inmobiliario y construcción,Obsequios a clientes,2026-06-18,2026-07-22,3343000.0,26,Ganada,,,3184000.0,2433000.0,128000.0,30
Q-01569,Empresa C-0088,Financiero,Regalos de fin de año,2026-06-18,2026-07-23,3354000.0,20,Perdida,Tiempo de entrega,,0.0,0.0,0.0,90
Q-01570,Empresa C-0052,Consultoría y legal,Regalos de fin de año,2026-06-18,2026-11-06,8298000.0,46,Abierta,,0.8,0.0,0.0,0.0,60
Q-01571,Empresa C-0179,Salud,Boda o celebración privada,2026-06-18,2026-07-26,2494000.0,18,Perdida,Tiempo de entrega,,0.0,0.0,0.0,90
Q-01572,Empresa C-0356,Energía y minería,Evento corporativo,2026-06-19,2026-07-05,2601000.0,13,Ganada,,,2477000.0,1987000.0,123000.0,45
Q-01573,Empresa C-0389,Inmobiliario y construcción,Evento corporativo,2026-06-19,2026-07-24,4203000.0,33,Ganada,,,4003000.0,2986000.0,128000.0,90
Q-01574,Empresa C-0483,Financiero,Evento corporativo,2026-06-19,2026-07-19,3640000.0,24,Ganada,,,3467000.0,2601000.0,109000.0,60
Q-01575,Empresa C-0008,Energía y minería,Regalos de fin de año,2026-06-20,2026-07-26,8474000.0,42,Perdida,Precio,,0.0,0.0,0.0,90
Q-01576,Empresa C-0197,Tecnología,Obsequios a clientes,2026-06-20,2026-07-07,5966000.0,49,Perdida,Tiempo de entrega,,0.0,0.0,0.0,30
Q-01577,Empresa C-0002,Automotriz,Evento corporativo,2026-06-20,2026-07-25,1986000.0,15,Perdida,Tiempo de entrega,,0.0,0.0,0.0,45
Q-01578,Empresa C-0026,Energía y minería,Cata privada,2026-06-20,2026-07-17,5089000.0,42,Ganada,,,4847000.0,3643000.0,179000.0,45
Q-01579,Empresa C-0248,Consultoría y legal,Obsequios a clientes,2026-06-20,2026-07-13,5291000.0,41,Perdida,Cobertura fuera de Bogotá,,0.0,0.0,0.0,45
Q-01580,Empresa C-0039,Inmobiliario y construcción,Regalos de fin de año,2026-06-21,2026-11-16,5705000.0,35,Abierta,,0.8,0.0,0.0,0.0,60
Q-01581,Empresa C-0004,Educación,Regalos de fin de año,2026-06-22,2026-11-07,4874000.0,39,Abierta,,0.4,0.0,0.0,0.0,30
Q-01582,Empresa C-0044,Consultoría y legal,Regalos de fin de año,2026-06-22,2026-11-13,4659000.0,35,Abierta,,0.8,0.0,0.0,0.0,30
Q-01583,Empresa C-0399,Consultoría y legal,Obsequios a clientes,2026-06-22,2026-08-03,1321000.0,8,Perdida,Tiempo de entrega,,0.0,0.0,0.0,45
Q-01584,Empresa C-0143,Energía y minería,Evento corporativo,2026-06-22,2026-07-05,2641000.0,14,Perdida,Tiempo de entrega,,0.0,0.0,0.0,30
Q-01585,Empresa C-0017,Energía y minería,Regalos de fin de año,2026-06-23,2026-07-17,26521000.0,151,Ganada,,,25258000.0,18788000.0,669000.0,90
Q-01586,Empresa C-0014,Consumo masivo,Regalos de fin de año,2026-06-23,2026-07-03,3074000.0,18,Ganada,,,2928000.0,2255000.0,109000.0,60
Q-01587,Empresa C-0572,Financiero,Regalos de fin de año,2026-06-24,2026-07-21,7140000.0,36,Ganada,,,6800000.0,5034000.0,255000.0,60
Q-01588,Empresa C-0006,Tecnología,Regalos de fin de año,2026-06-24,2026-07-05,837000.0,4,Ganada,,,797000.0,608000.0,37000.0,30
Q-01589,Empresa C-0018,Salud,Evento corporativo,2026-06-24,2026-07-15,600000.0,4,Ganada,,,571000.0,452000.0,19000.0,30
Q-01590,Empresa C-0235,Salud,Regalos de fin de año,2026-06-24,2026-07-21,2086000.0,13,Ganada,,,1987000.0,1605000.0,61000.0,45
Q-01591,Empresa C-0031,Consultoría y legal,Boda o celebración privada,2026-06-25,2026-07-19,1598000.0,10,Ganada,,,1522000.0,1161000.0,70000.0,60
Q-01592,Empresa C-0284,Energía y minería,Regalos de fin de año,2026-06-25,2026-07-06,1163000.0,6,Perdida,Precio,,0.0,0.0,0.0,30
Q-01593,Empresa C-0609,Salud,Evento corporativo,2026-06-25,2026-11-16,2876000.0,18,Abierta,,0.4,0.0,0.0,0.0,30
Q-01594,Empresa C-0008,Automotriz,Regalos de fin de año,2026-06-27,2026-11-18,2265000.0,11,Abierta,,0.6,0.0,0.0,0.0,90
Q-01595,Empresa C-0064,Energía y minería,Regalos de fin de año,2026-06-28,2026-11-22,1474000.0,8,Abierta,,0.8,0.0,0.0,0.0,60
Q-01596,Empresa C-0055,Gremios y asociaciones,Obsequios a clientes,2026-06-28,2026-08-10,2959000.0,22,Ganada,,,2818000.0,2182000.0,124000.0,45
Q-01597,Empresa C-0146,Financiero,Regalos de fin de año,2026-06-28,2026-11-24,19717000.0,103,Abierta,,0.8,0.0,0.0,0.0,45
Q-01598,Empresa C-0375,Energía y minería,Regalos de fin de año,2026-06-29,2026-07-15,2723000.0,18,Perdida,Precio,,0.0,0.0,0.0,90
Q-01599,Empresa C-0503,Automotriz,Regalos de fin de año,2026-06-29,2026-08-12,9516000.0,52,Ganada,,,9063000.0,7289000.0,250000.0,60
Q-01600,Empresa C-0319,Automotriz,Regalos de fin de año,2026-06-30,2026-11-18,5582000.0,28,Abierta,,0.6,0.0,0.0,0.0,30
Q-01601,Empresa C-0007,Educación,Regalos de fin de año,2026-07-01,2026-07-23,2250000.0,13,Perdida,Precio,,0.0,0.0,0.0,45
Q-01602,Empresa C-0216,Consultoría y legal,Evento corporativo,2026-07-01,2026-08-06,8593000.0,45,Perdida,Sin respuesta del cliente,,0.0,0.0,0.0,45
Q-01603,Empresa C-0003,Salud,Boda o celebración privada,2026-07-01,2026-08-07,5568000.0,29,Perdida,Se fue con el proveedor de siempre,,0.0,0.0,0.0,45
Q-01604,Empresa C-0358,Financiero,Obsequios a clientes,2026-07-01,2026-11-07,8045000.0,40,Abierta,,0.2,0.0,0.0,0.0,30
Q-01605,Empresa C-0056,Tecnología,Regalos de fin de año,2026-07-01,2026-11-07,4247000.0,31,Abierta,,0.6,0.0,0.0,0.0,60
Q-01606,Empresa C-0039,Energía y minería,Regalos de fin de año,2026-07-02,2026-11-06,8221000.0,66,Abierta,,0.6,0.0,0.0,0.0,45
Q-01607,Empresa C-0028,Consultoría y legal,Regalos de fin de año,2026-07-03,2026-08-12,6366000.0,40,Ganada,,,6063000.0,4526000.0,169000.0,45
Q-01608,Empresa C-0136,Consultoría y legal,Regalos de fin de año,2026-07-03,2026-07-16,11620000.0,84,Ganada,,,11067000.0,8663000.0,543000.0,60
Q-01609,Empresa C-0148,Salud,Regalos de fin de año,2026-07-03,2026-11-06,1171000.0,7,Abierta,,0.2,0.0,0.0,0.0,45
Q-01610,Empresa C-0012,Consultoría y legal,Evento corporativo,2026-07-03,2026-08-16,3404000.0,19,Perdida,Precio,,0.0,0.0,0.0,45
Q-01611,Empresa C-0232,Gremios y asociaciones,Regalos de fin de año,2026-07-03,2026-07-19,6440000.0,39,Ganada,,,6133000.0,4642000.0,285000.0,30
Q-01612,Empresa C-0499,Inmobiliario y construcción,Regalos de fin de año,2026-07-04,2026-11-20,9477000.0,45,Abierta,,0.2,0.0,0.0,0.0,45
Q-01613,Empresa C-0595,Consultoría y legal,Regalos de fin de año,2026-07-05,2026-11-27,2568000.0,14,Abierta,,0.6,0.0,0.0,0.0,45
Q-01614,Empresa C-0115,Automotriz,Regalos de fin de año,2026-07-05,2026-11-19,1902000.0,14,Abierta,,0.4,0.0,0.0,0.0,45
Q-01615,Empresa C-0004,Gremios y asociaciones,Obsequios a clientes,2026-07-05,2026-07-24,2431000.0,13,Perdida,Precio,,0.0,0.0,0.0,30
Q-01616,Empresa C-0006,Inmobiliario y construcción,Regalos de fin de año,2026-07-05,2026-12-01,9798000.0,79,Abierta,,0.2,0.0,0.0,0.0,60
Q-01617,Empresa C-0007,Tecnología,Obsequios a clientes,2026-07-05,2026-08-11,9058000.0,54,Ganada,,,8627000.0,6546000.0,244000.0,60
Q-01618,Empresa C-0137,Financiero,Regalos de fin de año,2026-07-05,2026-08-12,946000.0,5,Ganada,,,901000.0,693000.0,27000.0,60
Q-01619,Empresa C-0117,Consumo masivo,Regalos de fin de año,2026-07-05,2026-07-17,3098000.0,17,Perdida,Precio,,0.0,0.0,0.0,45
Q-01620,Empresa C-0025,Financiero,Regalos de fin de año,2026-07-06,2026-08-04,3834000.0,18,Ganada,,,3651000.0,2876000.0,130000.0,45
Q-01621,Empresa C-0069,Energía y minería,Regalos de fin de año,2026-07-06,2026-11-14,18068000.0,109,Abierta,,0.2,0.0,0.0,0.0,45
Q-01622,Empresa C-0281,Financiero,Obsequios a clientes,2026-07-07,2026-11-06,1710000.0,12,Abierta,,0.6,0.0,0.0,0.0,30
Q-01623,Empresa C-0607,Salud,Regalos de fin de año,2026-07-07,2026-11-05,11585000.0,65,Abierta,,0.8,0.0,0.0,0.0,90
Q-01624,Empresa C-0544,Energía y minería,Obsequios a clientes,2026-07-07,2026-08-03,1880000.0,13,Perdida,Precio,,0.0,0.0,0.0,30
Q-01625,Empresa C-0442,Energía y minería,Cata privada,2026-07-08,2026-11-09,3051000.0,19,Abierta,,0.8,0.0,0.0,0.0,60
Q-01626,Empresa C-0001,Consultoría y legal,Obsequios a clientes,2026-07-08,2026-08-09,4129000.0,28,Ganada,,,3932000.0,3058000.0,179000.0,60
Q-01627,Empresa C-0145,Financiero,Regalos de fin de año,2026-07-08,2026-11-01,5936000.0,29,Abierta,,0.4,0.0,0.0,0.0,45
Q-01628,Empresa C-0001,Financiero,Regalos de fin de año,2026-07-09,2026-11-12,2711000.0,22,Abierta,,0.2,0.0,0.0,0.0,60
Q-01629,Empresa C-0167,Financiero,Regalos de fin de año,2026-07-09,2026-07-22,2565000.0,14,Perdida,Tiempo de entrega,,0.0,0.0,0.0,60
Q-01630,Empresa C-0188,Automotriz,Regalos de fin de año,2026-07-09,2026-11-26,2704000.0,17,Abierta,,0.6,0.0,0.0,0.0,60
Q-01631,Empresa C-0112,Inmobiliario y construcción,Regalos de fin de año,2026-07-10,2026-12-02,2090000.0,14,Abierta,,0.2,0.0,0.0,0.0,45
Q-01632,Empresa C-0560,Tecnología,Regalos de fin de año,2026-07-10,2026-11-12,8426000.0,44,Abierta,,0.2,0.0,0.0,0.0,60
Q-01633,Empresa C-0652,Automotriz,Boda o celebración privada,2026-07-10,2026-08-21,1172000.0,7,Perdida,Precio,,0.0,0.0,0.0,30
Q-01634,Empresa C-0099,Financiero,Regalos de fin de año,2026-07-11,2026-08-03,8178000.0,44,Perdida,Precio,,0.0,0.0,0.0,60
Q-01635,Empresa C-0136,Inmobiliario y construcción,Regalos de fin de año,2026-07-11,2026-11-19,1729000.0,8,Abierta,,0.4,0.0,0.0,0.0,45
Q-01636,Empresa C-0336,Energía y minería,Regalos de fin de año,2026-07-11,2026-08-16,3681000.0,20,Ganada,,,3506000.0,2721000.0,103000.0,30
Q-01637,Empresa C-0063,Energía y minería,Regalos de fin de año,2026-07-11,2026-12-07,9851000.0,75,Abierta,,0.4,0.0,0.0,0.0,60
Q-01638,Empresa C-0003,Inmobiliario y construcción,Regalos de fin de año,2026-07-11,2026-12-05,7100000.0,52,Abierta,,0.4,0.0,0.0,0.0,60
Q-01639,Empresa C-0010,Financiero,Regalos de fin de año,2026-07-12,2026-11-17,7648000.0,38,Abierta,,0.8,0.0,0.0,0.0,45
Q-01640,Empresa C-0699,Gremios y asociaciones,Obsequios a clientes,2026-07-12,2026-08-22,7367000.0,43,Perdida,Cobertura fuera de Bogotá,,0.0,0.0,0.0,60
Q-01641,Empresa C-0006,Educación,Regalos de fin de año,2026-07-12,2026-12-01,2286000.0,17,Abierta,,0.4,0.0,0.0,0.0,90
Q-01642,Empresa C-0120,Automotriz,Evento corporativo,2026-07-13,2026-12-01,1044000.0,8,Abierta,,0.4,0.0,0.0,0.0,60
Q-01643,Empresa C-0002,Consultoría y legal,Obsequios a clientes,2026-07-13,2026-08-02,7887000.0,43,Perdida,Tiempo de entrega,,0.0,0.0,0.0,45
Q-01644,Empresa C-0001,Automotriz,Regalos de fin de año,2026-07-13,2026-11-06,1589000.0,9,Abierta,,0.8,0.0,0.0,0.0,60
Q-01645,Empresa C-0147,Financiero,Evento corporativo,2026-07-13,2026-08-14,843000.0,6,Perdida,Se fue con el proveedor de siempre,,0.0,0.0,0.0,60
Q-01646,Empresa C-0021,Automotriz,Regalos de fin de año,2026-07-13,2026-07-26,626000.0,4,Ganada,,,596000.0,459000.0,27000.0,90
Q-01647,Empresa C-0007,Tecnología,Regalos de fin de año,2026-07-13,2026-11-10,13916000.0,74,Abierta,,0.8,0.0,0.0,0.0,45
Q-01648,Empresa C-0187,Salud,Obsequios a clientes,2026-07-14,2026-08-16,2680000.0,17,Perdida,Precio,,0.0,0.0,0.0,45
Q-01649,Empresa C-0005,Financiero,Regalos de fin de año,2026-07-14,2026-11-04,1243000.0,8,Abierta,,0.6,0.0,0.0,0.0,45
Q-01650,Empresa C-0026,Consultoría y legal,Regalos de fin de año,2026-07-14,2026-12-02,7075000.0,42,Abierta,,0.6,0.0,0.0,0.0,60
Q-01651,Empresa C-0394,Financiero,Obsequios a clientes,2026-07-15,2026-08-13,2619000.0,18,Ganada,,,2494000.0,1876000.0,84000.0,45
Q-01652,Empresa C-0010,Consultoría y legal,Regalos de fin de año,2026-07-15,2026-12-02,2610000.0,18,Abierta,,0.8,0.0,0.0,0.0,30
Q-01653,Empresa C-0049,Automotriz,Regalos de fin de año,2026-07-16,2026-12-08,3288000.0,21,Abierta,,0.6,0.0,0.0,0.0,60
Q-01654,Empresa C-0458,Financiero,Regalos de fin de año,2026-07-16,2026-11-26,6784000.0,44,Abierta,,0.4,0.0,0.0,0.0,45
Q-01655,Empresa C-0649,Financiero,Obsequios a clientes,2026-07-16,2026-08-22,3228000.0,25,Perdida,Sin respuesta del cliente,,0.0,0.0,0.0,90
Q-01656,Empresa C-0017,Financiero,Regalos de fin de año,2026-07-16,2026-11-14,2591000.0,14,Abierta,,0.2,0.0,0.0,0.0,45
Q-01657,Empresa C-0289,Automotriz,Regalos de fin de año,2026-07-17,2026-08-25,7877000.0,55,Ganada,,,7502000.0,5896000.0,346000.0,45
Q-01658,Empresa C-0031,Consultoría y legal,Evento corporativo,2026-07-17,2026-08-22,8525000.0,71,Perdida,Tiempo de entrega,,0.0,0.0,0.0,30
Q-01659,Empresa C-0001,Tecnología,Regalos de fin de año,2026-07-17,2026-12-04,1666000.0,11,Abierta,,0.8,0.0,0.0,0.0,30
Q-01660,Empresa C-0144,Tecnología,Regalos de fin de año,2026-07-17,2026-08-26,3774000.0,25,Ganada,,,3594000.0,2871000.0,135000.0,60
Q-01661,Empresa C-0292,Consultoría y legal,Regalos de fin de año,2026-07-17,2026-12-08,8322000.0,44,Abierta,,0.2,0.0,0.0,0.0,45
Q-01662,Empresa C-0311,Tecnología,Evento corporativo,2026-07-17,2026-12-09,2587000.0,15,Abierta,,0.8,0.0,0.0,0.0,45
Q-01663,Empresa C-0041,Consumo masivo,Obsequios a clientes,2026-07-17,2026-08-22,3632000.0,26,Ganada,,,3459000.0,2622000.0,155000.0,30
Q-01664,Empresa C-0298,Automotriz,Evento corporativo,2026-07-18,2026-11-19,791000.0,4,Abierta,,0.4,0.0,0.0,0.0,45
Q-01665,Empresa C-0067,Consultoría y legal,Evento corporativo,2026-07-18,2026-08-04,600000.0,4,Ganada,,,571000.0,439000.0,17000.0,60
Q-01666,Empresa C-0576,Salud,Regalos de fin de año,2026-07-18,2026-12-13,4268000.0,22,Abierta,,0.4,0.0,0.0,0.0,90
Q-01667,Empresa C-0421,Educación,Evento corporativo,2026-07-19,2026-12-07,8405000.0,54,Abierta,,0.2,0.0,0.0,0.0,30
Q-01668,Empresa C-0071,Financiero,Regalos de fin de año,2026-07-19,2026-12-13,10676000.0,53,Abierta,,0.4,0.0,0.0,0.0,60
Q-01669,Empresa C-0060,Tecnología,Regalos de fin de año,2026-07-19,2026-12-03,4218000.0,20,Abierta,,0.2,0.0,0.0,0.0,30
Q-01670,Empresa C-0004,Tecnología,Regalos de fin de año,2026-07-19,2026-11-23,716000.0,5,Abierta,,0.4,0.0,0.0,0.0,90
Q-01671,Empresa C-0004,Inmobiliario y construcción,Obsequios a clientes,2026-07-19,2026-08-10,1442000.0,10,Ganada,,,1373000.0,1065000.0,44000.0,30
Q-01672,Empresa C-0209,Inmobiliario y construcción,Regalos de fin de año,2026-07-20,2026-08-03,15155000.0,76,Ganada,,,14433000.0,11084000.0,586000.0,60
Q-01673,Empresa C-0696,Financiero,Regalos de fin de año,2026-07-20,2026-08-07,3325000.0,18,Ganada,,,3167000.0,2479000.0,112000.0,60
Q-01674,Empresa C-0001,Gremios y asociaciones,Regalos de fin de año,2026-07-20,2026-08-01,2668000.0,20,Perdida,Tiempo de entrega,,0.0,0.0,0.0,30
Q-01675,Empresa C-0020,Inmobiliario y construcción,Obsequios a clientes,2026-07-20,2026-12-07,6466000.0,38,Abierta,,0.6,0.0,0.0,0.0,60
Q-01676,Empresa C-0428,Consumo masivo,Regalos de fin de año,2026-07-20,2026-11-15,951000.0,6,Abierta,,0.2,0.0,0.0,0.0,90
Q-01677,Empresa C-0196,Tecnología,Boda o celebración privada,2026-07-21,2026-08-07,2335000.0,17,Ganada,,,2224000.0,1676000.0,97000.0,45
Q-01678,Empresa C-0079,Consultoría y legal,Regalos de fin de año,2026-07-21,2026-09-03,1094000.0,8,Abierta,,0.2,0.0,0.0,0.0,45
Q-01679,Empresa C-0002,Salud,Regalos de fin de año,2026-07-21,2026-11-16,5378000.0,35,Abierta,,0.8,0.0,0.0,0.0,45
Q-01680,Empresa C-0313,Consultoría y legal,Regalos de fin de año,2026-07-21,2026-11-26,7115000.0,38,Abierta,,0.2,0.0,0.0,0.0,45
Q-01681,Empresa C-0597,Financiero,Regalos de fin de año,2026-07-21,2026-12-08,2472000.0,16,Abierta,,0.2,0.0,0.0,0.0,30
Q-01682,Empresa C-0043,Tecnología,Obsequios a clientes,2026-07-21,2026-08-06,3426000.0,18,Perdida,Precio,,0.0,0.0,0.0,30
Q-01683,Empresa C-0041,Tecnología,Regalos de fin de año,2026-07-22,2026-08-19,4058000.0,23,Perdida,Se fue con el proveedor de siempre,,0.0,0.0,0.0,45
Q-01684,Empresa C-0497,Consultoría y legal,Regalos de fin de año,2026-07-22,2026-09-03,8466000.0,42,Abierta,,0.8,0.0,0.0,0.0,45
Q-01685,Empresa C-0360,Educación,Regalos de fin de año,2026-07-22,2026-09-02,8281000.0,42,Abierta,,0.8,0.0,0.0,0.0,45
Q-01686,Empresa C-0283,Consumo masivo,Evento corporativo,2026-07-22,2026-08-10,617000.0,4,Perdida,Precio,,0.0,0.0,0.0,30
Q-01687,Empresa C-0051,Tecnología,Regalos de fin de año,2026-07-22,2026-12-03,2093000.0,10,Abierta,,0.4,0.0,0.0,0.0,30
Q-01688,Empresa C-0676,Salud,Regalos de fin de año,2026-07-23,2026-09-02,1501000.0,7,Abierta,,0.2,0.0,0.0,0.0,60
Q-01689,Empresa C-0109,Tecnología,Regalos de fin de año,2026-07-23,2026-11-11,18379000.0,142,Abierta,,0.2,0.0,0.0,0.0,45
Q-01690,Empresa C-0003,Consultoría y legal,Regalos de fin de año,2026-07-23,2026-12-05,20069000.0,115,Abierta,,0.8,0.0,0.0,0.0,45
Q-01691,Empresa C-0128,Automotriz,Regalos de fin de año,2026-07-23,2026-12-01,1291000.0,7,Abierta,,0.6,0.0,0.0,0.0,60
Q-01692,Empresa C-0087,Consultoría y legal,Regalos de fin de año,2026-07-23,2026-12-05,2770000.0,22,Abierta,,0.6,0.0,0.0,0.0,30
Q-01693,Empresa C-0509,Educación,Regalos de fin de año,2026-07-23,2026-12-16,8776000.0,44,Abierta,,0.6,0.0,0.0,0.0,60
Q-01694,Empresa C-0019,Consultoría y legal,Boda o celebración privada,2026-07-23,2026-12-08,10595000.0,54,Abierta,,0.2,0.0,0.0,0.0,30
Q-01695,Empresa C-0056,Inmobiliario y construcción,Regalos de fin de año,2026-07-23,2026-12-19,3575000.0,27,Abierta,,0.8,0.0,0.0,0.0,30
Q-01696,Empresa C-0002,Inmobiliario y construcción,Evento corporativo,2026-07-24,2026-08-26,4493000.0,35,Ganada,,,4279000.0,3232000.0,176000.0,45
Q-01697,Empresa C-0035,Financiero,Regalos de fin de año,2026-07-24,2026-12-20,13183000.0,105,Abierta,,0.6,0.0,0.0,0.0,60
Q-01698,Empresa C-0144,Energía y minería,Evento corporativo,2026-07-24,2026-11-02,6687000.0,43,Abierta,,0.2,0.0,0.0,0.0,45
Q-01699,Empresa C-0104,Automotriz,Regalos de fin de año,2026-07-24,2026-12-04,14807000.0,99,Abierta,,0.2,0.0,0.0,0.0,60
Q-01700,Empresa C-0070,Tecnología,Regalos de fin de año,2026-07-25,2026-08-19,4390000.0,34,Ganada,,,4181000.0,3358000.0,124000.0,30
Q-01701,Empresa C-0002,Energía y minería,Obsequios a clientes,2026-07-25,2026-12-19,10524000.0,51,Abierta,,0.2,0.0,0.0,0.0,30
Q-01702,Empresa C-0114,Tecnología,Regalos de fin de año,2026-07-25,2026-11-08,5171000.0,42,Abierta,,0.4,0.0,0.0,0.0,45
Q-01703,Empresa C-0124,Consultoría y legal,Regalos de fin de año,2026-07-25,2026-11-06,5411000.0,30,Abierta,,0.6,0.0,0.0,0.0,90
Q-01704,Empresa C-0559,Inmobiliario y construcción,Regalos de fin de año,2026-07-26,2026-12-15,4629000.0,22,Abierta,,0.8,0.0,0.0,0.0,60
Q-01705,Empresa C-0021,Financiero,Regalos de fin de año,2026-07-26,2026-11-20,1510000.0,8,Abierta,,0.2,0.0,0.0,0.0,45
Q-01706,Empresa C-0062,Consumo masivo,Regalos de fin de año,2026-07-26,2026-12-16,1632000.0,9,Abierta,,0.8,0.0,0.0,0.0,45
Q-01707,Empresa C-0001,Tecnología,Evento corporativo,2026-07-26,2026-12-16,845000.0,7,Abierta,,0.4,0.0,0.0,0.0,90
Q-01708,Empresa C-0021,Tecnología,Regalos de fin de año,2026-07-26,2026-11-25,7010000.0,38,Abierta,,0.4,0.0,0.0,0.0,45
Q-01709,Empresa C-0001,Inmobiliario y construcción,Regalos de fin de año,2026-07-26,2026-12-05,1232000.0,7,Abierta,,0.8,0.0,0.0,0.0,60
Q-01710,Empresa C-0008,Consumo masivo,Regalos de fin de año,2026-07-26,2026-12-08,5384000.0,26,Abierta,,0.6,0.0,0.0,0.0,90
Q-01711,Empresa C-0611,Tecnología,Regalos de fin de año,2026-07-27,2026-12-10,4595000.0,22,Abierta,,0.6,0.0,0.0,0.0,45
Q-01712,Empresa C-0426,Gremios y asociaciones,Regalos de fin de año,2026-07-27,2026-12-02,25262000.0,179,Abierta,,0.6,0.0,0.0,0.0,30
Q-01713,Empresa C-0221,Salud,Regalos de fin de año,2026-07-27,2026-12-15,29750000.0,145,Abierta,,0.4,0.0,0.0,0.0,60
Q-01714,Empresa C-0001,Financiero,Boda o celebración privada,2026-07-27,2026-08-21,2776000.0,20,Perdida,Precio,,0.0,0.0,0.0,30
Q-01715,Empresa C-0258,Financiero,Boda o celebración privada,2026-07-27,2026-08-18,3154000.0,17,Perdida,Cobertura fuera de Bogotá,,0.0,0.0,0.0,60
Q-01716,Empresa C-0017,Salud,Obsequios a clientes,2026-07-28,2026-11-15,6975000.0,34,Abierta,,0.4,0.0,0.0,0.0,30
Q-01717,Empresa C-0012,Salud,Regalos de fin de año,2026-07-28,2026-12-06,9765000.0,76,Abierta,,0.2,0.0,0.0,0.0,45
Q-01718,Empresa C-0200,Educación,Regalos de fin de año,2026-07-28,2026-12-13,6915000.0,35,Abierta,,0.8,0.0,0.0,0.0,60
Q-01719,Empresa C-0023,Tecnología,Regalos de fin de año,2026-07-28,2026-12-11,2051000.0,11,Abierta,,0.2,0.0,0.0,0.0,45
Q-01720,Empresa C-0004,Inmobiliario y construcción,Regalos de fin de año,2026-07-28,2026-12-15,1013000.0,5,Abierta,,0.6,0.0,0.0,0.0,60
Q-01721,Empresa C-0218,Financiero,Regalos de fin de año,2026-07-28,2026-12-09,2025000.0,10,Abierta,,0.8,0.0,0.0,0.0,45
Q-01722,Empresa C-0133,Tecnología,Evento corporativo,2026-07-28,2026-08-12,2935000.0,15,Ganada,,,2795000.0,2150000.0,127000.0,30
Q-01723,Empresa C-0394,Tecnología,Cata privada,2026-07-29,2026-09-02,4974000.0,25,Abierta,,0.2,0.0,0.0,0.0,60
Q-01724,Empresa C-0001,Automotriz,Regalos de fin de año,2026-07-29,2026-12-05,10534000.0,52,Abierta,,0.8,0.0,0.0,0.0,90
Q-01725,Empresa C-0049,Financiero,Evento corporativo,2026-07-29,2026-12-09,5986000.0,33,Abierta,,0.8,0.0,0.0,0.0,60
Q-01726,Empresa C-0057,Consultoría y legal,Regalos de fin de año,2026-07-29,2026-09-04,3319000.0,24,Abierta,,0.8,0.0,0.0,0.0,45
Q-01727,Empresa C-0622,Inmobiliario y construcción,Regalos de fin de año,2026-07-29,2026-09-05,5634000.0,46,Abierta,,0.8,0.0,0.0,0.0,30
Q-01728,Empresa C-0168,Inmobiliario y construcción,Cata privada,2026-07-30,2026-12-07,5065000.0,30,Abierta,,0.6,0.0,0.0,0.0,45
Q-01729,Empresa C-0014,Consumo masivo,Obsequios a clientes,2026-07-30,2026-12-09,2871000.0,14,Abierta,,0.6,0.0,0.0,0.0,45
Q-01730,Empresa C-0011,Salud,Regalos de fin de año,2026-07-30,2026-12-19,16650000.0,91,Abierta,,0.6,0.0,0.0,0.0,45
Q-01731,Empresa C-0005,Automotriz,Regalos de fin de año,2026-07-30,2026-12-18,1602000.0,9,Abierta,,0.4,0.0,0.0,0.0,45
Q-01732,Empresa C-0062,Consultoría y legal,Regalos de fin de año,2026-07-30,2026-09-01,3420000.0,21,Abierta,,0.4,0.0,0.0,0.0,30
Q-01733,Empresa C-0051,Gremios y asociaciones,Regalos de fin de año,2026-07-30,2026-11-17,5033000.0,26,Abierta,,0.8,0.0,0.0,0.0,60
Q-01734,Empresa C-0048,Educación,Boda o celebración privada,2026-07-31,2026-12-04,8295000.0,55,Abierta,,0.4,0.0,0.0,0.0,45
Q-01735,Empresa C-0001,Gremios y asociaciones,Regalos de fin de año,2026-07-31,2026-12-13,1775000.0,9,Abierta,,0.2,0.0,0.0,0.0,60
Q-01736,Empresa C-0648,Salud,Obsequios a clientes,2026-07-31,2026-09-13,6466000.0,50,Abierta,,0.4,0.0,0.0,0.0,45
Q-01737,Empresa C-0391,Financiero,Regalos de fin de año,2026-07-31,2026-08-16,3154000.0,20,Perdida,Se fue con el proveedor de siempre,,0.0,0.0,0.0,60
Q-01738,Empresa C-0197,Consumo masivo,Regalos de fin de año,2026-07-31,2026-12-02,600000.0,5,Abierta,,0.6,0.0,0.0,0.0,45
Q-01739,Empresa C-0647,Inmobiliario y construcción,Regalos de fin de año,2026-08-01,2026-09-10,5285000.0,34,Abierta,,0.4,0.0,0.0,0.0,45
Q-01740,Empresa C-0012,Consultoría y legal,Regalos de fin de año,2026-08-01,2026-12-02,4595000.0,35,Abierta,,0.2,0.0,0.0,0.0,60
Q-01741,Empresa C-0075,Inmobiliario y construcción,Obsequios a clientes,2026-08-01,2026-09-04,5326000.0,42,Abierta,,0.4,0.0,0.0,0.0,30
Q-01742,Empresa C-0336,Energía y minería,Regalos de fin de año,2026-08-01,2026-09-05,2099000.0,15,Abierta,,0.4,0.0,0.0,0.0,45
Q-01743,Empresa C-0026,Financiero,Evento corporativo,2026-08-01,2026-08-24,646000.0,4,Perdida,Precio,,0.0,0.0,0.0,45
Q-01744,Empresa C-0013,Consultoría y legal,Obsequios a clientes,2026-08-01,2026-08-12,1083000.0,9,Ganada,,,1031000.0,779000.0,27000.0,60
Q-01745,Empresa C-0077,Consultoría y legal,Regalos de fin de año,2026-08-01,2026-11-12,6844000.0,45,Abierta,,0.4,0.0,0.0,0.0,30
Q-01746,Empresa C-0071,Financiero,Regalos de fin de año,2026-08-02,2026-12-17,2088000.0,12,Abierta,,0.4,0.0,0.0,0.0,90
Q-01747,Empresa C-0056,Tecnología,Regalos de fin de año,2026-08-02,2026-12-17,3371000.0,20,Abierta,,0.2,0.0,0.0,0.0,90
Q-01748,Empresa C-0214,Energía y minería,Obsequios a clientes,2026-08-02,2026-09-11,8281000.0,43,Abierta,,0.4,0.0,0.0,0.0,30
Q-01749,Empresa C-0072,Financiero,Regalos de fin de año,2026-08-02,2026-09-02,1727000.0,12,Abierta,,0.6,0.0,0.0,0.0,45
Q-01750,Empresa C-0022,Tecnología,Regalos de fin de año,2026-08-02,2026-12-20,11462000.0,59,Abierta,,0.8,0.0,0.0,0.0,90
Q-01751,Empresa C-0213,Educación,Regalos de fin de año,2026-08-02,2026-12-09,6031000.0,29,Abierta,,0.6,0.0,0.0,0.0,45
Q-01752,Empresa C-0030,Financiero,Obsequios a clientes,2026-08-02,2026-09-14,1158000.0,9,Abierta,,0.4,0.0,0.0,0.0,60
Q-01753,Empresa C-0005,Automotriz,Evento corporativo,2026-08-02,2026-12-16,5302000.0,44,Abierta,,0.8,0.0,0.0,0.0,60
Q-01754,Empresa C-0001,Energía y minería,Regalos de fin de año,2026-08-02,2026-12-07,1055000.0,7,Abierta,,0.8,0.0,0.0,0.0,60
Q-01755,Empresa C-0001,Gremios y asociaciones,Obsequios a clientes,2026-08-03,2026-09-04,2555000.0,17,Abierta,,0.8,0.0,0.0,0.0,45
Q-01756,Empresa C-0080,Financiero,Regalos de fin de año,2026-08-03,2026-11-20,38868000.0,321,Abierta,,0.4,0.0,0.0,0.0,30
Q-01757,Empresa C-0001,Tecnología,Regalos de fin de año,2026-08-03,2026-11-19,9289000.0,50,Abierta,,0.6,0.0,0.0,0.0,45
Q-01758,Empresa C-0306,Gremios y asociaciones,Regalos de fin de año,2026-08-03,2026-09-11,8001000.0,51,Abierta,,0.4,0.0,0.0,0.0,90
Q-01759,Empresa C-0027,Automotriz,Regalos de fin de año,2026-08-03,2026-12-13,4914000.0,40,Abierta,,0.6,0.0,0.0,0.0,45
Q-01760,Empresa C-0003,Consultoría y legal,Regalos de fin de año,2026-08-03,2026-12-16,1606000.0,12,Abierta,,0.8,0.0,0.0,0.0,45
Q-01761,Empresa C-0434,Inmobiliario y construcción,Regalos de fin de año,2026-08-03,2026-08-21,4100000.0,30,Perdida,Precio,,0.0,0.0,0.0,90
Q-01762,Empresa C-0111,Inmobiliario y construcción,Regalos de fin de año,2026-08-03,2026-11-06,13780000.0,89,Abierta,,0.6,0.0,0.0,0.0,45
Q-01763,Empresa C-0073,Inmobiliario y construcción,Evento corporativo,2026-08-04,2026-09-17,5532000.0,33,Abierta,,0.2,0.0,0.0,0.0,30
Q-01764,Empresa C-0071,Salud,Regalos de fin de año,2026-08-04,2026-12-07,9087000.0,47,Abierta,,0.4,0.0,0.0,0.0,90
Q-01765,Empresa C-0053,Educación,Regalos de fin de año,2026-08-04,2026-12-03,5241000.0,43,Abierta,,0.8,0.0,0.0,0.0,30
Q-01766,Empresa C-0416,Tecnología,Regalos de fin de año,2026-08-04,2026-11-20,26932000.0,140,Abierta,,0.8,0.0,0.0,0.0,45
Q-01767,Empresa C-0151,Energía y minería,Regalos de fin de año,2026-08-04,2026-12-11,2648000.0,16,Abierta,,0.2,0.0,0.0,0.0,90
Q-01768,Empresa C-0237,Inmobiliario y construcción,Regalos de fin de año,2026-08-04,2026-12-12,999000.0,6,Abierta,,0.8,0.0,0.0,0.0,45
Q-01769,Empresa C-0328,Energía y minería,Regalos de fin de año,2026-08-04,2026-12-06,3421000.0,27,Abierta,,0.4,0.0,0.0,0.0,30
Q-01770,Empresa C-0419,Inmobiliario y construcción,Regalos de fin de año,2026-08-04,2026-09-04,6981000.0,43,Abierta,,0.2,0.0,0.0,0.0,45
Q-01771,Empresa C-0116,Automotriz,Regalos de fin de año,2026-08-05,2026-09-12,9665000.0,61,Abierta,,0.4,0.0,0.0,0.0,30
Q-01772,Empresa C-0407,Consumo masivo,Regalos de fin de año,2026-08-05,2026-12-08,4954000.0,24,Abierta,,0.6,0.0,0.0,0.0,45
Q-01773,Empresa C-0250,Automotriz,Regalos de fin de año,2026-08-05,2026-12-10,2245000.0,13,Abierta,,0.8,0.0,0.0,0.0,45
Q-01774,Empresa C-0021,Energía y minería,Regalos de fin de año,2026-08-05,2026-12-02,20908000.0,122,Abierta,,0.4,0.0,0.0,0.0,45
Q-01775,Empresa C-0005,Consultoría y legal,Regalos de fin de año,2026-08-05,2026-12-19,860000.0,7,Abierta,,0.2,0.0,0.0,0.0,45
Q-01776,Empresa C-0214,Tecnología,Regalos de fin de año,2026-08-05,2026-12-13,6957000.0,54,Abierta,,0.8,0.0,0.0,0.0,60
Q-01777,Empresa C-0010,Energía y minería,Regalos de fin de año,2026-08-05,2026-12-13,8912000.0,46,Abierta,,0.6,0.0,0.0,0.0,60
Q-01778,Empresa C-0008,Consultoría y legal,Regalos de fin de año,2026-08-05,2026-12-01,2172000.0,11,Abierta,,0.4,0.0,0.0,0.0,90
Q-01779,Empresa C-0082,Salud,Evento corporativo,2026-08-05,2026-12-20,7604000.0,60,Abierta,,0.6,0.0,0.0,0.0,60
Q-01780,Empresa C-0096,Energía y minería,Boda o celebración privada,2026-08-05,2026-09-07,6102000.0,45,Abierta,,0.2,0.0,0.0,0.0,90
Q-01781,Empresa C-0203,Consultoría y legal,Regalos de fin de año,2026-08-06,2026-12-11,1543000.0,11,Abierta,,0.2,0.0,0.0,0.0,45
Q-01782,Empresa C-0018,Financiero,Boda o celebración privada,2026-08-06,2026-09-05,8310000.0,40,Abierta,,0.2,0.0,0.0,0.0,30
Q-01783,Empresa C-0123,Financiero,Obsequios a clientes,2026-08-06,2026-08-24,866000.0,4,Perdida,Cobertura fuera de Bogotá,,0.0,0.0,0.0,60
Q-01784,Empresa C-0065,Financiero,Regalos de fin de año,2026-08-06,2026-09-19,8522000.0,66,Abierta,,0.6,0.0,0.0,0.0,45
Q-01785,Empresa C-0338,Financiero,Evento corporativo,2026-08-06,2026-08-25,12796000.0,63,Ganada,,,12187000.0,9459000.0,567000.0,45
Q-01786,Empresa C-0380,Automotriz,Regalos de fin de año,2026-08-06,2026-12-13,10703000.0,63,Abierta,,0.4,0.0,0.0,0.0,60
Q-01787,Empresa C-0455,Gremios y asociaciones,Regalos de fin de año,2026-08-06,2026-12-20,6255000.0,49,Abierta,,0.8,0.0,0.0,0.0,45
Q-01788,Empresa C-0086,Tecnología,Cata privada,2026-08-06,2026-12-05,11136000.0,73,Abierta,,0.8,0.0,0.0,0.0,45
Q-01789,Empresa C-0396,Consultoría y legal,Regalos de fin de año,2026-08-07,2026-12-07,18719000.0,126,Abierta,,0.6,0.0,0.0,0.0,90
Q-01790,Empresa C-0683,Consultoría y legal,Regalos de fin de año,2026-08-07,2026-12-08,2750000.0,15,Abierta,,0.4,0.0,0.0,0.0,60
Q-01791,Empresa C-0009,Automotriz,Regalos de fin de año,2026-08-07,2026-12-06,8073000.0,65,Abierta,,0.4,0.0,0.0,0.0,60
Q-01792,Empresa C-0043,Energía y minería,Obsequios a clientes,2026-08-07,2026-09-04,1159000.0,6,Abierta,,0.4,0.0,0.0,0.0,60
Q-01793,Empresa C-0521,Financiero,Evento corporativo,2026-08-07,2026-09-10,3821000.0,20,Abierta,,0.8,0.0,0.0,0.0,30
Q-01794,Empresa C-0173,Financiero,Regalos de fin de año,2026-08-07,2026-11-07,5511000.0,36,Abierta,,0.2,0.0,0.0,0.0,30
Q-01795,Empresa C-0156,Consultoría y legal,Obsequios a clientes,2026-08-07,2026-09-10,1400000.0,11,Abierta,,0.8,0.0,0.0,0.0,60
Q-01796,Empresa C-0357,Inmobiliario y construcción,Cata privada,2026-08-08,2026-08-23,2321000.0,15,Perdida,Precio,,0.0,0.0,0.0,60
Q-01797,Empresa C-0007,Consumo masivo,Regalos de fin de año,2026-08-08,2026-09-20,10046000.0,74,Abierta,,0.8,0.0,0.0,0.0,30
Q-01798,Empresa C-0002,Automotriz,Regalos de fin de año,2026-08-08,2026-12-03,6567000.0,37,Abierta,,0.4,0.0,0.0,0.0,60
Q-01799,Empresa C-0072,Inmobiliario y construcción,Regalos de fin de año,2026-08-08,2026-12-07,2167000.0,13,Abierta,,0.4,0.0,0.0,0.0,30
Q-01800,Empresa C-0438,Energía y minería,Regalos de fin de año,2026-08-08,2026-12-04,930000.0,7,Abierta,,0.2,0.0,0.0,0.0,90
Q-01801,Empresa C-0072,Consumo masivo,Obsequios a clientes,2026-08-08,2026-09-02,4379000.0,29,Abierta,,0.6,0.0,0.0,0.0,45
Q-01802,Empresa C-0288,Energía y minería,Obsequios a clientes,2026-08-08,2026-09-13,9345000.0,47,Abierta,,0.4,0.0,0.0,0.0,60
Q-01803,Empresa C-0077,Financiero,Regalos de fin de año,2026-08-09,2026-12-02,3778000.0,22,Abierta,,0.2,0.0,0.0,0.0,60
Q-01804,Empresa C-0365,Educación,Regalos de fin de año,2026-08-09,2026-11-26,1018000.0,8,Abierta,,0.4,0.0,0.0,0.0,45
Q-01805,Empresa C-0029,Consumo masivo,Regalos de fin de año,2026-08-09,2026-12-15,1246000.0,8,Abierta,,0.6,0.0,0.0,0.0,30
Q-01806,Empresa C-0078,Tecnología,Evento corporativo,2026-08-09,2026-09-14,4743000.0,36,Abierta,,0.2,0.0,0.0,0.0,45
Q-01807,Empresa C-0022,Financiero,Regalos de fin de año,2026-08-09,2026-11-22,2998000.0,14,Abierta,,0.4,0.0,0.0,0.0,60
Q-01808,Empresa C-0099,Financiero,Cata privada,2026-08-10,2026-08-23,2000000.0,12,Ganada,,,1905000.0,1460000.0,69000.0,45
Q-01809,Empresa C-0023,Automotriz,Cata privada,2026-08-10,2026-09-17,2781000.0,18,Abierta,,0.6,0.0,0.0,0.0,60
Q-01810,Empresa C-0144,Gremios y asociaciones,Regalos de fin de año,2026-08-11,2026-09-07,4884000.0,40,Abierta,,0.8,0.0,0.0,0.0,60
Q-01811,Empresa C-0214,Financiero,Regalos de fin de año,2026-08-11,2026-12-19,2455000.0,13,Abierta,,0.8,0.0,0.0,0.0,60
Q-01812,Empresa C-0131,Energía y minería,Regalos de fin de año,2026-08-11,2026-09-20,24258000.0,139,Abierta,,0.4,0.0,0.0,0.0,30
Q-01813,Empresa C-0615,Financiero,Regalos de fin de año,2026-08-11,2026-12-02,700000.0,4,Abierta,,0.4,0.0,0.0,0.0,90
Q-01814,Empresa C-0456,Salud,Regalos de fin de año,2026-08-11,2026-09-05,1304000.0,7,Abierta,,0.2,0.0,0.0,0.0,45
Q-01815,Empresa C-0375,Financiero,Regalos de fin de año,2026-08-11,2026-11-25,5113000.0,33,Abierta,,0.2,0.0,0.0,0.0,60
Q-01816,Empresa C-0074,Energía y minería,Cata privada,2026-08-12,2026-12-08,8120000.0,57,Abierta,,0.6,0.0,0.0,0.0,30
Q-01817,Empresa C-0037,Salud,Regalos de fin de año,2026-08-12,2026-11-26,8036000.0,41,Abierta,,0.4,0.0,0.0,0.0,60
Q-01818,Empresa C-0532,Automotriz,Regalos de fin de año,2026-08-12,2026-11-15,4800000.0,30,Abierta,,0.8,0.0,0.0,0.0,60
Q-01819,Empresa C-0287,Tecnología,Regalos de fin de año,2026-08-12,2026-09-07,4674000.0,24,Abierta,,0.6,0.0,0.0,0.0,90
Q-01820,Empresa C-0003,Inmobiliario y construcción,Regalos de fin de año,2026-08-12,2026-12-10,8754000.0,42,Abierta,,0.2,0.0,0.0,0.0,60
Q-01821,Empresa C-0182,Financiero,Evento corporativo,2026-08-12,2026-09-11,3622000.0,26,Abierta,,0.2,0.0,0.0,0.0,45
Q-01822,Empresa C-0003,Consultoría y legal,Regalos de fin de año,2026-08-12,2026-11-27,3521000.0,20,Abierta,,0.8,0.0,0.0,0.0,45
Q-01823,Empresa C-0091,Financiero,Regalos de fin de año,2026-08-12,2026-12-09,4358000.0,31,Abierta,,0.6,0.0,0.0,0.0,45
Q-01824,Empresa C-0215,Tecnología,Cata privada,2026-08-12,2026-09-24,2540000.0,14,Abierta,,0.2,0.0,0.0,0.0,45
Q-01825,Empresa C-0003,Consultoría y legal,Cata privada,2026-08-13,2026-09-05,3806000.0,20,Abierta,,0.4,0.0,0.0,0.0,60
Q-01826,Empresa C-0076,Consumo masivo,Regalos de fin de año,2026-08-13,2026-11-17,2844000.0,22,Abierta,,0.2,0.0,0.0,0.0,30
Q-01827,Empresa C-0076,Financiero,Regalos de fin de año,2026-08-13,2026-11-19,1203000.0,9,Abierta,,0.2,0.0,0.0,0.0,45
Q-01828,Empresa C-0228,Tecnología,Evento corporativo,2026-08-13,2026-09-02,3314000.0,26,Abierta,,0.2,0.0,0.0,0.0,45
Q-01829,Empresa C-0092,Salud,Regalos de fin de año,2026-08-13,2026-09-09,2078000.0,13,Abierta,,0.2,0.0,0.0,0.0,45
Q-01830,Empresa C-0048,Consultoría y legal,Boda o celebración privada,2026-08-13,2026-09-12,5397000.0,26,Abierta,,0.8,0.0,0.0,0.0,60
Q-01831,Empresa C-0054,Salud,Regalos de fin de año,2026-08-14,2026-12-11,2825000.0,18,Abierta,,0.8,0.0,0.0,0.0,45
Q-01832,Empresa C-0002,Consumo masivo,Evento corporativo,2026-08-14,2026-09-01,17730000.0,96,Abierta,,0.6,0.0,0.0,0.0,30
Q-01833,Empresa C-0007,Salud,Regalos de fin de año,2026-08-14,2026-09-23,29357000.0,230,Abierta,,0.8,0.0,0.0,0.0,60
Q-01834,Empresa C-0627,Tecnología,Boda o celebración privada,2026-08-14,2026-09-25,6028000.0,35,Abierta,,0.2,0.0,0.0,0.0,45
Q-01835,Empresa C-0004,Salud,Obsequios a clientes,2026-08-14,2026-09-03,1868000.0,15,Abierta,,0.4,0.0,0.0,0.0,90
Q-01836,Empresa C-0020,Inmobiliario y construcción,Obsequios a clientes,2026-08-14,2026-09-26,2295000.0,12,Abierta,,0.2,0.0,0.0,0.0,45
Q-01837,Empresa C-0089,Salud,Regalos de fin de año,2026-08-14,2026-09-01,3235000.0,18,Abierta,,0.6,0.0,0.0,0.0,60
Q-01838,Empresa C-0218,Consultoría y legal,Regalos de fin de año,2026-08-15,2026-12-06,1196000.0,8,Abierta,,0.6,0.0,0.0,0.0,60
Q-01839,Empresa C-0152,Consultoría y legal,Cata privada,2026-08-15,2026-09-26,1283000.0,8,Abierta,,0.8,0.0,0.0,0.0,30
Q-01840,Empresa C-0284,Gremios y asociaciones,Obsequios a clientes,2026-08-15,2026-12-17,6207000.0,45,Abierta,,0.6,0.0,0.0,0.0,60
Q-01841,Empresa C-0003,Automotriz,Regalos de fin de año,2026-08-15,2026-09-01,1917000.0,15,Abierta,,0.8,0.0,0.0,0.0,30
Q-01842,Empresa C-0056,Tecnología,Cata privada,2026-08-15,2026-09-08,5708000.0,43,Abierta,,0.4,0.0,0.0,0.0,45
Q-01843,Empresa C-0179,Gremios y asociaciones,Regalos de fin de año,2026-08-16,2026-12-13,2208000.0,17,Abierta,,0.2,0.0,0.0,0.0,30
Q-01844,Empresa C-0682,Financiero,Regalos de fin de año,2026-08-16,2026-12-10,3510000.0,23,Abierta,,0.4,0.0,0.0,0.0,30
Q-01845,Empresa C-0230,Energía y minería,Regalos de fin de año,2026-08-16,2026-11-18,12023000.0,60,Abierta,,0.6,0.0,0.0,0.0,60
Q-01846,Empresa C-0018,Consultoría y legal,Regalos de fin de año,2026-08-16,2026-11-13,3331000.0,22,Abierta,,0.8,0.0,0.0,0.0,45
Q-01847,Empresa C-0135,Financiero,Regalos de fin de año,2026-08-17,2026-11-13,2076000.0,10,Abierta,,0.2,0.0,0.0,0.0,60
Q-01848,Empresa C-0003,Consultoría y legal,Regalos de fin de año,2026-08-17,2026-09-18,11153000.0,77,Abierta,,0.4,0.0,0.0,0.0,45
Q-01849,Empresa C-0314,Tecnología,Regalos de fin de año,2026-08-17,2026-11-03,988000.0,7,Abierta,,0.4,0.0,0.0,0.0,60
Q-01850,Empresa C-0002,Financiero,Regalos de fin de año,2026-08-17,2026-12-13,600000.0,4,Abierta,,0.8,0.0,0.0,0.0,30
Q-01851,Empresa C-0202,Tecnología,Cata privada,2026-08-17,2026-09-21,1342000.0,7,Abierta,,0.6,0.0,0.0,0.0,45
Q-01852,Empresa C-0227,Automotriz,Evento corporativo,2026-08-17,2026-12-04,5548000.0,42,Abierta,,0.8,0.0,0.0,0.0,45
Q-01853,Empresa C-0007,Salud,Regalos de fin de año,2026-08-18,2026-09-25,4385000.0,30,Abierta,,0.4,0.0,0.0,0.0,30
Q-01854,Empresa C-0025,Tecnología,Regalos de fin de año,2026-08-18,2026-12-02,1976000.0,16,Abierta,,0.2,0.0,0.0,0.0,30
Q-01855,Empresa C-0001,Financiero,Regalos de fin de año,2026-08-18,2026-12-18,1473000.0,10,Abierta,,0.6,0.0,0.0,0.0,60
Q-01856,Empresa C-0001,Tecnología,Cata privada,2026-08-18,2026-09-15,7866000.0,40,Abierta,,0.2,0.0,0.0,0.0,45
Q-01857,Empresa C-0002,Consultoría y legal,Regalos de fin de año,2026-08-18,2026-09-21,10179000.0,85,Abierta,,0.4,0.0,0.0,0.0,90
Q-01858,Empresa C-0237,Inmobiliario y construcción,Regalos de fin de año,2026-08-18,2026-09-12,1288000.0,7,Abierta,,0.6,0.0,0.0,0.0,30
Q-01859,Empresa C-0659,Energía y minería,Regalos de fin de año,2026-08-18,2026-12-01,600000.0,4,Abierta,,0.8,0.0,0.0,0.0,30
Q-01860,Empresa C-0027,Financiero,Evento corporativo,2026-08-19,2026-12-07,12506000.0,67,Abierta,,0.6,0.0,0.0,0.0,30
Q-01861,Empresa C-0014,Consultoría y legal,Regalos de fin de año,2026-08-19,2026-10-01,920000.0,5,Abierta,,0.8,0.0,0.0,0.0,30
Q-01862,Empresa C-0296,Tecnología,Regalos de fin de año,2026-08-19,2026-12-03,6613000.0,40,Abierta,,0.2,0.0,0.0,0.0,45
Q-01863,Empresa C-0120,Gremios y asociaciones,Boda o celebración privada,2026-08-19,2026-12-16,3376000.0,23,Abierta,,0.6,0.0,0.0,0.0,30
Q-01864,Empresa C-0002,Energía y minería,Regalos de fin de año,2026-08-19,2026-12-10,3842000.0,23,Abierta,,0.2,0.0,0.0,0.0,60
Q-01865,Empresa C-0008,Gremios y asociaciones,Regalos de fin de año,2026-08-19,2026-12-09,4328000.0,26,Abierta,,0.2,0.0,0.0,0.0,60
Q-01866,Empresa C-0038,Consultoría y legal,Regalos de fin de año,2026-08-19,2026-11-22,19937000.0,104,Abierta,,0.8,0.0,0.0,0.0,60
Q-01867,Empresa C-0140,Consumo masivo,Obsequios a clientes,2026-08-20,2026-09-23,2624000.0,21,Abierta,,0.2,0.0,0.0,0.0,30
Q-01868,Empresa C-0095,Consumo masivo,Evento corporativo,2026-08-20,2026-11-26,2591000.0,20,Abierta,,0.4,0.0,0.0,0.0,90
Q-01869,Empresa C-0111,Financiero,Regalos de fin de año,2026-08-20,2026-11-12,14848000.0,89,Abierta,,0.8,0.0,0.0,0.0,90
Q-01870,Empresa C-0100,Educación,Regalos de fin de año,2026-08-20,2026-12-12,600000.0,4,Abierta,,0.4,0.0,0.0,0.0,90
Q-01871,Empresa C-0007,Consumo masivo,Regalos de fin de año,2026-08-20,2026-09-08,15942000.0,88,Abierta,,0.8,0.0,0.0,0.0,60
Q-01872,Empresa C-0654,Tecnología,Regalos de fin de año,2026-08-21,2026-09-05,2689000.0,14,Abierta,,0.4,0.0,0.0,0.0,60
Q-01873,Empresa C-0180,Consumo masivo,Evento corporativo,2026-08-21,2026-09-25,4334000.0,22,Abierta,,0.4,0.0,0.0,0.0,30
Q-01874,Empresa C-0019,Financiero,Regalos de fin de año,2026-08-21,2026-10-01,2866000.0,14,Abierta,,0.6,0.0,0.0,0.0,90
Q-01875,Empresa C-0001,Inmobiliario y construcción,Regalos de fin de año,2026-08-21,2026-09-09,1983000.0,12,Abierta,,0.8,0.0,0.0,0.0,45
Q-01876,Empresa C-0287,Energía y minería,Regalos de fin de año,2026-08-21,2026-11-07,2583000.0,14,Abierta,,0.2,0.0,0.0,0.0,90
Q-01877,Empresa C-0008,Gremios y asociaciones,Regalos de fin de año,2026-08-21,2026-09-26,8653000.0,65,Abierta,,0.4,0.0,0.0,0.0,30
Q-01878,Empresa C-0411,Financiero,Boda o celebración privada,2026-08-21,2026-12-19,1338000.0,8,Abierta,,0.8,0.0,0.0,0.0,45
Q-01879,Empresa C-0060,Consumo masivo,Regalos de fin de año,2026-08-21,2026-12-20,2884000.0,16,Abierta,,0.4,0.0,0.0,0.0,45
Q-01880,Empresa C-0042,Automotriz,Obsequios a clientes,2026-08-22,2026-12-01,1348000.0,10,Abierta,,0.2,0.0,0.0,0.0,45
Q-01881,Empresa C-0062,Gremios y asociaciones,Evento corporativo,2026-08-22,2026-09-16,14201000.0,71,Abierta,,0.4,0.0,0.0,0.0,60
Q-01882,Empresa C-0001,Inmobiliario y construcción,Regalos de fin de año,2026-08-22,2026-09-11,1305000.0,10,Abierta,,0.6,0.0,0.0,0.0,90
Q-01883,Empresa C-0551,Gremios y asociaciones,Evento corporativo,2026-08-22,2026-09-05,9081000.0,43,Abierta,,0.6,0.0,0.0,0.0,60
Q-01884,Empresa C-0649,Salud,Regalos de fin de año,2026-08-23,2026-11-10,3924000.0,28,Abierta,,0.6,0.0,0.0,0.0,60
Q-01885,Empresa C-0231,Consultoría y legal,Regalos de fin de año,2026-08-23,2026-12-05,1702000.0,12,Abierta,,0.4,0.0,0.0,0.0,60
Q-01886,Empresa C-0055,Financiero,Regalos de fin de año,2026-08-23,2026-09-11,3961000.0,19,Abierta,,0.8,0.0,0.0,0.0,30
Q-01887,Empresa C-0601,Automotriz,Regalos de fin de año,2026-08-23,2026-12-10,748000.0,4,Abierta,,0.6,0.0,0.0,0.0,30
Q-01888,Empresa C-0354,Consultoría y legal,Regalos de fin de año,2026-08-23,2026-12-05,11886000.0,83,Abierta,,0.8,0.0,0.0,0.0,45
Q-01889,Empresa C-0264,Salud,Regalos de fin de año,2026-08-24,2026-09-10,15800000.0,130,Abierta,,0.4,0.0,0.0,0.0,60
Q-01890,Empresa C-0111,Financiero,Regalos de fin de año,2026-08-24,2026-12-18,600000.0,4,Abierta,,0.6,0.0,0.0,0.0,45
Q-01891,Empresa C-0558,Consultoría y legal,Regalos de fin de año,2026-08-24,2026-11-01,1200000.0,6,Abierta,,0.6,0.0,0.0,0.0,60
Q-01892,Empresa C-0104,Consultoría y legal,Regalos de fin de año,2026-08-24,2026-12-17,10836000.0,72,Abierta,,0.8,0.0,0.0,0.0,30
Q-01893,Empresa C-0302,Automotriz,Obsequios a clientes,2026-08-24,2026-10-05,4816000.0,32,Abierta,,0.4,0.0,0.0,0.0,60
Q-01894,Empresa C-0038,Financiero,Regalos de fin de año,2026-08-24,2026-12-18,3101000.0,17,Abierta,,0.6,0.0,0.0,0.0,90
Q-01895,Empresa C-0391,Consumo masivo,Regalos de fin de año,2026-08-24,2026-09-18,3662000.0,22,Abierta,,0.8,0.0,0.0,0.0,60
Q-01896,Empresa C-0016,Consultoría y legal,Cata privada,2026-08-26,2026-09-12,4377000.0,26,Abierta,,0.4,0.0,0.0,0.0,45
Q-01897,Empresa C-0004,Financiero,Regalos de fin de año,2026-08-26,2026-12-13,4860000.0,27,Abierta,,0.8,0.0,0.0,0.0,30
Q-01898,Empresa C-0156,Tecnología,Regalos de fin de año,2026-08-26,2026-12-01,1593000.0,11,Abierta,,0.8,0.0,0.0,0.0,60
Q-01899,Empresa C-0686,Financiero,Cata privada,2026-08-27,2026-11-08,3067000.0,15,Abierta,,0.6,0.0,0.0,0.0,60
Q-01900,Empresa C-0014,Tecnología,Regalos de fin de año,2026-08-27,2026-12-07,4482000.0,28,Abierta,,0.4,0.0,0.0,0.0,30
Q-01901,Empresa C-0161,Salud,Regalos de fin de año,2026-08-27,2026-09-16,1721000.0,14,Abierta,,0.2,0.0,0.0,0.0,60
Q-01902,Empresa C-0001,Salud,Regalos de fin de año,2026-08-27,2026-12-11,710000.0,4,Abierta,,0.6,0.0,0.0,0.0,45
Q-01903,Empresa C-0010,Automotriz,Regalos de fin de año,2026-08-28,2026-11-01,917000.0,6,Abierta,,0.2,0.0,0.0,0.0,45
Q-01904,Empresa C-0328,Financiero,Regalos de fin de año,2026-08-28,2026-12-01,1111000.0,8,Abierta,,0.8,0.0,0.0,0.0,45
Q-01905,Empresa C-0584,Automotriz,Regalos de fin de año,2026-08-28,2026-12-01,2790000.0,20,Abierta,,0.2,0.0,0.0,0.0,45
Q-01906,Empresa C-0002,Financiero,Boda o celebración privada,2026-08-28,2026-10-07,1788000.0,11,Abierta,,0.8,0.0,0.0,0.0,30
Q-01907,Empresa C-0269,Tecnología,Regalos de fin de año,2026-08-29,2026-11-07,2703000.0,17,Abierta,,0.8,0.0,0.0,0.0,30
Q-01908,Empresa C-0053,Gremios y asociaciones,Regalos de fin de año,2026-08-29,2026-11-14,6438000.0,40,Abierta,,0.6,0.0,0.0,0.0,60
Q-01909,Empresa C-0071,Salud,Regalos de fin de año,2026-08-29,2026-11-01,1743000.0,9,Abierta,,0.2,0.0,0.0,0.0,30
Q-01910,Empresa C-0022,Salud,Regalos de fin de año,2026-08-30,2026-11-21,3575000.0,27,Abierta,,0.6,0.0,0.0,0.0,30
Q-01911,Empresa C-0310,Automotriz,Regalos de fin de año,2026-08-30,2026-12-06,1692000.0,9,Abierta,,0.6,0.0,0.0,0.0,30
Q-01912,Empresa C-0001,Consultoría y legal,Regalos de fin de año,2026-08-30,2026-12-01,9927000.0,54,Abierta,,0.6,0.0,0.0,0.0,45
Q-01913,Empresa C-0007,Salud,Obsequios a clientes,2026-08-30,2026-09-17,6337000.0,51,Abierta,,0.2,0.0,0.0,0.0,90
Q-01914,Empresa C-0199,Inmobiliario y construcción,Regalos de fin de año,2026-08-30,2026-09-26,4400000.0,26,Abierta,,0.6,0.0,0.0,0.0,45
Q-01915,Empresa C-0002,Consultoría y legal,Evento corporativo,2026-08-30,2026-09-26,2100000.0,17,Abierta,,0.4,0.0,0.0,0.0,45
Q-01916,Empresa C-0003,Consumo masivo,Regalos de fin de año,2026-08-30,2026-11-07,974000.0,7,Abierta,,0.4,0.0,0.0,0.0,60
Q-01917,Empresa C-0521,Financiero,Regalos de fin de año,2026-08-31,2026-11-27,5076000.0,28,Abierta,,0.6,0.0,0.0,0.0,45
Q-01918,Empresa C-0371,Automotriz,Cata privada,2026-08-31,2026-10-02,3668000.0,22,Abierta,,0.4,0.0,0.0,0.0,60
Q-01919,Empresa C-0001,Inmobiliario y construcción,Obsequios a clientes,2026-08-31,2026-12-14,2142000.0,10,Abierta,,0.8,0.0,0.0,0.0,45
Q-01920,Empresa C-0429,Gremios y asociaciones,Cata privada,2026-08-31,2026-09-17,10694000.0,54,Abierta,,0.8,0.0,0.0,0.0,30
Q-01921,Empresa C-0005,Inmobiliario y construcción,Evento corporativo,2026-08-31,2026-11-01,5200000.0,34,Abierta,,0.4,0.0,0.0,0.0,45
Q-01922,Empresa C-0091,Financiero,Regalos de fin de año,2026-08-31,2026-09-19,15062000.0,85,Abierta,,0.6,0.0,0.0,0.0,60
Q-01923,Empresa C-0004,Salud,Boda o celebración privada,2026-08-31,2026-09-12,1455000.0,9,Abierta,,0.8,0.0,0.0,0.0,30
Q-01924,Empresa C-0021,Educación,Regalos de fin de año,2026-08-31,2026-09-24,1921000.0,10,Abierta,,0.4,0.0,0.0,0.0,90
Q-01925,Empresa C-0436,Financiero,Regalos de fin de año,2026-08-31,2026-12-11,2386000.0,12,Abierta,,0.2,0.0,0.0,0.0,90
